"","cond","cue","colcond","pside","subid","stimcol1","stimcol2","cuecol","probedcol","pcol","delay1","delay2","trialnum","block","ori1","ori2","targori","nontargori","pstartang","DT","CT","resp","ITI","arraytrig","cuetrig","prbontrig","moveontrig","moveofftrig","confontrig","confmovontrig","confmovofftrig","fbtrig","clickresp","confDT","confclicked","confCT","confang","DialConfInterv","session","DTcheck","rdif","confwidth","absrdif","confdiff","prevtrlconfdiff","prevtrlcw","prevtrlabsrdif"
"1","cued",1,1,1,12,2,1,1,1,0,1,1,1,1,76,106,106,76,48,1.10977118585,1.99981672755,128,"[ 1.6]",2,14,24,34,44,54,64,74,79,1,0.399677560661,1,0.830256359102,113,1,"b",0,22,15,22,7,NA,NA,NA
"2","cued",1,0,0,12,1,2,1,1,0,1,1,2,1,126,142,126,142,149,0.309885475748,1.09003785027,111,"[ 1.6]",2,13,23,33,43,53,63,73,78,1,0.319671623834,1,0.960173393767,101,1.2,"b",0,-15,10,15,5,7,15,22
"3","neutral",0,0,1,12,1,2,0,2,2,1,1,3,1,174,99,99,174,42,0.499869906602,1.60988866048,109,"[ 1.9]",1,12,22,32,42,52,62,72,77,1,0.319657502845,1,0.860252651593,96,1.3,"b",0,10,13,10,-3,5,10,15
"4","neutral",0,1,0,12,2,1,0,2,2,1,1,4,1,26,0,26,0,109,0.459941749406,1.46989614761,16,"[ 1.8]",1,11,21,31,41,51,61,71,76,1,0.279678870611,1,0.760279030808,38,1.3,"b",0,-10,22,10,-12,-3,13,10
"5","neutral",0,1,1,12,2,1,0,1,1,1,1,5,1,71,91,91,71,134,0.409926096134,1.39988516929,75,"[ 1.5]",1,12,22,32,42,52,62,72,77,1,0.37965008782,1,1.12020179198,62,1.1,"b",0,-16,13,16,3,-12,22,10
"6","cued",1,0,1,12,1,2,2,2,0,1,1,6,1,110,6,6,110,122,0.689886785694,1.52985928882,27,"[ 1.8]",2,14,24,34,44,54,64,74,79,1,0.269685714782,1,0.7102309293,46,1.4,"b",0,21,19,21,2,3,13,16
"7","cued",1,0,1,12,1,2,2,2,0,1,1,7,1,35,6,6,35,2,0.449829616708,1.54985461387,8,"[ 1.8]",2,14,24,34,44,54,64,74,79,1,0.279644619688,1,0.710226723044,20,1.4,"b",0,2,12,2,-10,2,19,21
"8","neutral",0,0,0,12,1,2,0,1,1,1,1,8,1,167,89,167,89,146,0.579895072016,1.53987708127,159,"[ 1.9]",1,11,21,31,41,51,61,71,76,1,0.43966310317,1,0.840205950164,151,1.1,"b",0,-8,8,8,0,-10,12,2
"9","neutral",0,1,1,12,2,1,0,1,1,1,1,9,1,161,73,73,161,94,0.449839531448,1.23995802159,42,"[ 1.5]",1,12,22,32,42,52,62,72,77,1,0.349767965057,1,0.800322859963,60,1.2,"b",0,-31,18,31,13,0,8,8
"10","cued",1,1,0,12,2,1,2,2,0,1,1,10,1,54,44,54,44,105,0.359837734777,1.15989289678,42,"[ 1.8]",2,13,23,33,43,53,63,73,78,1,0.279642817011,1,0.730339522735,61,1.4,"b",0,-12,19,12,-7,13,18,31
"11","cued",1,1,1,12,2,1,1,1,0,1,1,11,1,89,52,52,89,110,0.419901225159,1.18985614014,66,"[ 1.9]",2,14,24,34,44,54,64,74,79,1,0.259678437964,1,0.750284973641,80,1.1,"b",0,14,14,14,0,-7,19,12
"12","neutral",0,1,0,12,2,1,0,2,2,1,1,12,1,115,69,115,69,107,0.409915880948,1.10014427448,117,"[ 2.]",1,11,21,31,41,51,61,71,76,1,0.319674027411,1,0.750288579002,102,1.3,"b",0,2,15,2,-13,0,14,14
"13","cued",1,1,1,12,2,1,1,1,0,1,1,13,1,116,85,85,116,72,0.299910346723,1.0099420799,91,"[ 1.9]",2,14,24,34,44,54,64,74,79,1,0.349685642675,1,0.810377306905,81,1.3,"b",0,6,10,6,-4,-13,15,2
"14","cued",1,0,0,12,1,2,1,1,0,1,1,14,1,28,98,28,98,43,0.349771870864,0.899787524133,38,"[ 1.5]",2,13,23,33,43,53,63,73,78,1,0.279683377306,1,0.740276795481,48,1.4,"b",0,10,10,10,0,-4,10,6
"15","neutral",0,1,0,12,2,1,0,2,2,1,1,15,1,2,143,2,143,160,0.489846105222,1.64977625739,4,"[ 1.7]",1,11,21,31,41,51,61,71,76,1,0.519644102922,1,1.0402721686,8,1.2,"b",0,2,4,2,-2,0,10,10
"16","neutral",0,1,0,12,2,1,0,2,2,1,1,16,1,116,106,116,106,137,0.429875452846,1.01996107413,125,"[ 1.8]",1,11,21,31,41,51,61,71,76,1,0.269729279546,1,0.770472584543,116,1.5,"b",0,9,9,9,0,-2,4,2
"17","cued",1,0,1,12,1,2,2,2,0,1,1,17,1,29,61,61,29,51,0.359916451798,1.65997702184,57,"[ 1.6]",2,14,24,34,44,54,64,74,79,1,0.339709612312,1,0.750344762524,70,1,"b",0,-4,13,4,-9,0,9,9
"18","cued",1,0,1,12,1,2,2,2,0,1,1,18,1,63,50,50,63,160,0.399873151426,NA,58,"[ 1.7]",2,14,24,34,44,54,64,74,79,0,1.72942616494,1,2.45992973154,75,1.1,"b",0,8,17,8,-9,-9,13,4
"19","cued",1,0,0,12,1,2,1,1,0,1,1,19,1,130,117,130,117,114,0.289980885584,0.969982976694,131,"[ 1.9]",2,13,23,33,43,53,63,73,78,1,0.309697095701,1,0.900246907051,118,1.2,"b",0,1,13,1,-12,-9,17,8
"20","cued",1,1,0,12,2,1,2,2,0,1,1,20,1,70,71,70,71,134,0.539804072738,1.43986019617,61,"[ 1.7]",2,13,23,33,43,53,63,73,78,1,0.279662946938,1,0.71031235034,74,1.3,"b",0,-9,13,9,-4,-12,13,1
"21","cued",1,1,0,12,2,1,2,2,0,1,1,21,1,131,114,131,114,76,0.339964391063,1.07016841236,123,"[ 1.8]",2,13,23,33,43,53,63,73,78,1,0.279628696018,1,0.730231061494,114,1.1,"b",0,-8,9,8,-1,-4,13,9
"22","neutral",0,0,0,12,1,2,0,1,1,1,1,22,1,130,74,130,74,36,0.509874479401,1.52987941874,135,"[ 1.7]",1,11,21,31,41,51,61,71,76,1,0.559687631634,1,0.940302754076,124,1.1,"b",0,5,11,5,-6,-1,9,8
"23","neutral",0,0,1,12,1,2,0,2,2,1,1,23,1,88,22,22,88,95,0.54987234022,1.50988950173,44,"[ 1.9]",1,12,22,32,42,52,62,72,77,1,0.329648255098,1,0.800259165277,53,1.1,"b",0,22,9,22,13,-6,11,5
"24","cued",1,1,1,12,2,1,1,1,0,1,1,24,1,0,102,102,0,85,0.319927303932,1.08004469444,133,"[ 2.]",2,14,24,34,44,54,64,74,79,1,0.259599120051,1,0.690251227476,117,1.3,"b",0,31,16,31,15,13,9,22
"25","neutral",0,0,0,12,1,2,0,1,1,1,1,25,1,127,152,127,152,13,0.569808477281,2.22970828434,134,"[ 2.]",1,11,21,31,41,51,61,71,76,1,0.269666185752,1,0.660319831462,115,1.5,"b",0,7,19,7,-12,15,16,31
"26","neutral",0,0,1,12,1,2,0,2,2,1,1,26,1,61,76,76,61,64,0.469878120814,1.12992184181,72,"[ 1.8]",1,12,22,32,42,52,62,72,77,1,0.559641362852,1,0.970236553661,86,1.1,"b",0,-4,14,4,-10,-12,19,7
"27","cued",1,0,0,12,1,2,1,1,0,1,1,27,1,31,75,31,75,8,0.319967263335,1.45000297442,64,"[ 1.8]",2,13,23,33,43,53,63,73,78,1,0.379603819038,1,0.730277931172,77,1.5,"b",0,33,13,33,20,-10,14,4
"28","cued",1,1,0,12,2,1,2,2,0,1,1,28,1,145,169,145,169,23,0.479862263241,1.28988804757,149,"[ 1.9]",2,13,23,33,43,53,63,73,78,1,0.279648525498,1,0.730273124027,128,1.3,"b",0,4,21,4,-17,20,13,33
"29","neutral",0,1,1,12,2,1,0,1,1,1,1,29,1,128,111,111,128,26,0.469913573517,1.84997347056,117,"[ 1.5]",1,12,22,32,42,52,62,72,77,1,0.379642576652,1,0.810295885862,109,1,"b",0,6,8,6,-2,-17,21,4
"30","neutral",0,1,1,12,2,1,0,1,1,1,1,30,1,76,45,45,76,144,0.559902751433,1.6798551727,49,"[ 1.5]",1,12,22,32,42,52,62,72,77,1,1.54946463412,1,1.98008399286,73,1.1,"b",0,4,24,4,-20,-2,8,6
"31","neutral",0,0,0,12,1,2,0,1,1,1,1,31,1,7,170,7,170,178,0.459916812331,2.12985333997,9,"[ 1.6]",1,11,21,31,41,51,61,71,76,1,0.329658470284,1,0.700269620818,26,1.3,"b",0,2,17,2,-15,-20,24,4
"32","neutral",0,0,1,12,1,2,0,2,2,1,1,32,1,82,121,121,82,92,0.719903208108,1.70985266697,123,"[ 1.8]",1,12,22,32,42,52,62,72,77,1,0.299690720225,1,0.68030974847,115,1.5,"b",0,2,8,2,-6,-15,17,2
"33","cued",1,1,1,12,2,1,1,1,0,1,1,33,2,34,91,91,34,20,0.289872724792,1.55987781436,90,"[ 1.7]",2,14,24,34,44,54,64,74,79,1,0.649664491233,1,1.08023848253,86,1.4,"b",0,-1,4,1,-3,-6,8,2
"34","neutral",0,0,0,12,1,2,0,1,1,1,1,34,2,11,162,11,162,156,0.449851248868,1.55983845585,19,"[ 1.7]",1,11,21,31,41,51,61,71,76,1,0.259646290175,1,0.690302002957,31,1.3,"b",0,8,12,8,-4,-3,4,1
"35","neutral",0,0,1,12,1,2,0,2,2,1,1,35,2,156,14,14,156,31,0.389926264383,1.1698551066,16,"[ 1.9]",1,12,22,32,42,52,62,72,77,1,0.289619147825,1,0.680209399292,25,1.5,"b",0,2,9,2,-7,-4,12,8
"36","neutral",0,0,0,12,1,2,0,1,1,1,1,36,2,56,135,56,135,100,0.549829676798,1.31986090522,55,"[ 1.7]",1,11,21,31,41,51,61,71,76,1,0.379650989162,1,0.780246113874,68,1.2,"b",0,-1,13,1,-12,-7,9,2
"37","cued",1,1,1,12,2,1,1,1,0,1,1,37,2,24,170,170,24,36,0.41986096531,2.07978811301,126,"[ 1.9]",2,14,24,34,44,54,64,74,79,1,0.289628762119,1,0.650259976483,116,1.4,"b",0,-44,10,44,34,-12,13,1
"38","cued",1,0,1,12,1,2,2,2,0,1,1,38,2,60,119,119,60,107,0.539923950946,1.25997077255,123,"[ 2.]",2,14,24,34,44,54,64,74,79,1,0.369614869465,1,0.770221411149,110,1.2,"b",0,4,13,4,-9,34,10,44
"39","neutral",0,1,0,12,2,1,0,2,2,1,1,39,2,110,98,110,98,77,0.479862263241,1.49983745837,112,"[ 1.6]",1,11,21,31,41,51,61,71,76,1,0.309723835453,1,1.00019799434,107,1.3,"b",0,2,5,2,-3,-9,13,4
"40","neutral",0,0,1,12,1,2,0,2,2,1,1,40,2,132,80,80,132,107,0.739897932264,1.50993066292,73,"[ 1.7]",1,12,22,32,42,52,62,72,77,1,0.439669712996,1,0.800214999621,80,1.4,"b",0,-7,7,7,0,-3,5,2
"41","cued",1,0,1,12,1,2,2,2,0,1,1,41,2,170,37,37,170,169,0.289944831988,1.65988568606,24,"[ 1.9]",2,14,24,34,44,54,64,74,79,1,0.269604894638,1,0.940145320033,30,1.3,"b",0,-13,6,13,7,0,7,7
"42","cued",1,1,1,12,2,1,1,1,0,1,1,42,2,122,114,114,122,102,0.339914516921,1.11996143467,140,"[ 1.6]",2,14,24,34,44,54,64,74,79,1,0.379624850306,1,0.790328502353,128,1,"b",0,26,12,26,14,7,6,13
"43","cued",1,1,0,12,2,1,2,2,0,1,1,43,2,94,60,94,60,36,0.379935211688,1.7998406431,85,"[ 1.8]",2,13,23,33,43,53,63,73,78,1,1.17952618363,1,1.72010450736,93,1.2,"b",0,-9,8,9,1,14,12,26
"44","cued",1,0,0,12,1,2,1,1,0,1,1,44,2,81,163,81,163,111,0.269888816714,0.879997404139,64,"[ 1.7]",2,13,23,33,43,53,63,73,78,1,0.229667423591,1,0.680290219439,84,1.1,"b",0,-17,20,17,-3,1,8,9
"45","neutral",0,0,1,12,1,2,0,2,2,1,1,45,2,16,1,1,16,33,0.339944862033,1.21996029297,175,"[ 1.9]",1,12,22,32,42,52,62,72,77,1,0.499640064922,1,0.960246702751,165,1.3,"b",0,-6,10,6,-4,-3,20,17
"46","cued",1,1,1,12,2,1,1,1,0,1,1,46,2,147,11,11,147,34,1.54971100037,2.37969184991,170,"[ 1.8]",2,14,24,34,44,54,64,74,79,1,0.539635221721,1,0.970230244282,158,1,"b",1,-21,12,21,9,-4,10,6
"47","cued",1,1,0,12,2,1,2,2,0,1,1,47,2,112,98,112,98,99,0.29982441898,0.939851483214,109,"[ 1.8]",2,13,23,33,43,53,63,73,78,1,0.269713956768,1,0.680303138648,98,1.4,"b",0,-3,11,3,-8,9,12,21
"48","neutral",0,1,0,12,2,1,0,2,2,1,1,48,2,82,20,82,20,36,0.519892271852,1.24989198943,53,"[ 2.]",1,11,21,31,41,51,61,71,76,1,0.549520216755,1,1.20037147223,62,1.2,"b",0,-29,9,29,20,-8,11,3
"49","neutral",0,0,0,12,1,2,0,1,1,1,1,49,2,35,130,35,130,110,0.45994775834,1.24998963459,45,"[ 1.8]",1,11,21,31,41,51,61,71,76,1,0.549642498536,1,0.910263798163,66,1.3,"b",0,10,21,10,-11,20,9,29
"50","cued",1,0,0,12,1,2,1,1,0,1,1,50,2,111,34,111,34,94,0.499931798611,1.55993700235,121,"[ 1.8]",2,13,23,33,43,53,63,73,78,1,0.24958974011,1,0.700245284643,109,1.3,"b",0,10,12,10,-2,-11,21,10
"51","neutral",0,1,1,12,2,1,0,1,1,1,1,51,2,140,101,101,140,3,0.60986552609,2.34973581726,85,"[ 1.7]",1,12,22,32,42,52,62,72,77,1,0.539577235519,1,0.880389787457,106,1,"b",0,-16,21,16,-5,-2,12,10
"52","cued",1,1,0,12,2,1,2,2,0,1,1,52,2,95,87,95,87,144,0.449888804698,1.67990084059,96,"[ 1.9]",2,13,23,33,43,53,63,73,78,1,0.519619165851,1,0.930218562913,87,1.3,"b",0,1,9,1,-8,-5,21,16
"53","cued",1,0,0,12,1,2,1,1,0,1,1,53,2,93,49,93,49,100,0.199907282164,0.94995730653,90,"[ 1.6]",2,13,23,33,43,53,63,73,78,1,0.31969806314,1,0.990366779253,77,1.2,"b",0,-3,13,3,-10,-8,9,1
"54","neutral",0,0,1,12,1,2,0,2,2,1,1,54,2,49,177,177,49,93,0.649880812816,1.28994483199,121,"[ 1.9]",1,12,22,32,42,52,62,72,77,1,0.509619700646,1,0.920194160637,109,1,"b",0,-56,12,56,44,-10,13,3
"55","cued",1,0,1,12,1,2,2,2,0,1,1,55,2,117,100,100,117,132,0.309953076241,0.750068051166,141,"[ 1.9]",2,14,24,34,44,54,64,74,79,1,0.539689602563,1,1.0103401717,133,1.2,"b",0,41,8,41,33,44,12,56
"56","neutral",0,1,0,12,2,1,0,2,2,1,1,56,2,53,69,53,69,178,0.399839501402,1.41978435142,16,"[ 1.8]",1,11,21,31,41,51,61,71,76,1,0.579622867357,1,0.970210715252,30,1.2,"b",0,-37,14,37,23,33,8,41
"57","neutral",0,1,1,12,2,1,0,1,1,1,1,57,2,126,12,12,126,151,0.619918771245,1.74980245633,29,"[ 1.9]",1,12,22,32,42,52,62,72,77,1,0.299666984938,1,0.830228718012,40,1.4,"b",0,17,11,17,6,23,14,37
"58","neutral",0,1,1,12,2,1,0,1,1,1,1,58,2,23,10,10,23,22,0.269924870314,0.989967485664,10,"[ 1.8]",1,12,22,32,42,52,62,72,77,1,0.419611895042,1,0.840255223415,18,1.2,"b",0,0,8,0,-8,6,11,17
"59","cued",1,1,0,12,2,1,2,2,0,1,1,59,2,154,145,154,145,106,0.309827189099,1.61983134127,169,"[ 1.7]",2,13,23,33,43,53,63,73,78,1,0.309705808653,1,0.610319801417,160,1.3,"b",0,15,9,15,6,-8,8,0
"60","neutral",0,1,1,12,2,1,0,1,1,1,1,60,2,96,51,51,96,160,0.399905900111,1.36010993944,62,"[ 1.6]",1,12,22,32,42,52,62,72,77,1,0.119724682711,1,0.760278730359,73,1.3,"b",0,11,11,11,0,6,9,15
"61","neutral",0,1,0,12,2,1,0,2,2,1,1,61,2,13,105,13,105,64,0.229898767506,1.17996874153,45,"[ 1.8]",1,11,21,31,41,51,61,71,76,1,1.07957089008,1,1.70015995779,58,1.1,"b",0,32,13,32,19,0,11,11
"62","neutral",0,0,0,12,1,2,0,1,1,1,1,62,2,1,120,1,120,111,0.929812058606,1.59987327161,134,"[ 1.7]",1,11,21,31,41,51,61,71,76,1,0.329642246164,1,0.740239840547,118,1.2,"b",1,-47,16,47,31,19,13,32
"63","cued",1,0,0,12,1,2,1,1,0,1,1,63,2,87,31,87,31,108,0.499841364173,1.22983747639,68,"[ 1.6]",2,13,23,33,43,53,63,73,78,1,0.329663878325,1,0.730374074101,80,1.1,"b",0,-19,12,19,7,31,16,47
"64","cued",1,0,1,12,1,2,2,2,0,1,1,64,2,30,120,120,30,166,0.119988775314,1.33997911295,138,"[ 1.5]",2,14,24,34,44,54,64,74,79,1,0.319755748897,1,0.790325798331,116,1.4,"b",0,18,22,18,-4,7,12,19
"65","cued",1,1,1,12,2,1,1,1,0,1,1,65,3,51,9,9,51,156,0.569784441552,1.48982297083,1,"[ 1.9]",2,14,24,34,44,54,64,74,79,1,0.61961021254,1,1.09028812232,12,1.5,"b",0,-8,11,8,-3,-4,22,18
"66","cued",1,0,1,12,1,2,2,2,0,1,1,66,3,0,92,92,0,53,0.46983635873,1.28987422703,114,"[ 1.8]",2,14,24,34,44,54,64,74,79,1,0.289726707724,1,0.770313948717,107,1.5,"b",0,22,7,22,15,-3,11,8
"67","neutral",0,1,1,12,2,1,0,1,1,1,1,67,3,108,32,32,108,115,0.399929935844,1.16995695802,49,"[ 1.7]",1,12,22,32,42,52,62,72,77,1,0.0696864959427,1,0.680313654277,55,1.2,"b",0,17,6,17,11,15,7,22
"68","cued",1,0,1,12,1,2,2,2,0,1,1,68,3,1,136,136,1,0,0.32993067494,NA,125,"[ 1.7]",2,14,24,34,44,54,64,74,79,0,0.399610861507,1,1.01026115423,109,1.5,"b",0,-11,16,11,-5,11,6,17
"69","neutral",0,0,0,12,1,2,0,1,1,1,1,69,3,66,22,66,22,64,0.529900149562,1.97979676587,51,"[ 1.9]",1,11,21,31,41,51,61,71,76,1,0.279644018799,1,0.680336187776,72,1.2,"b",0,-15,21,15,-6,-5,16,11
"70","neutral",0,0,0,12,1,2,0,1,1,1,1,70,3,4,172,4,172,150,0.709823523652,2.03977913566,9,"[ 1.5]",1,11,21,31,41,51,61,71,76,1,0.639625367068,1,1.02022696941,24,1.4,"b",0,5,15,5,-10,-6,21,15
"71","cued",1,0,0,12,1,2,1,1,0,1,1,71,3,39,131,39,131,8,0.499859090523,1.85985035354,47,"[ 1.9]",2,13,23,33,43,53,63,73,78,1,0.469650382256,1,0.940221633478,64,1.5,"b",0,8,17,8,-9,-10,15,5
"72","cued",1,1,0,12,2,1,2,2,0,1,1,72,3,154,174,154,174,42,0.5698962077,1.9897628815,161,"[ 1.8]",2,13,23,33,43,53,63,73,78,1,0.319753044878,1,0.770358114372,149,1,"b",0,7,12,7,-5,-9,17,8
"73","cued",1,1,1,12,2,1,1,1,0,1,1,73,3,12,101,101,12,70,0.559881119272,1.85977914768,126,"[ 1.6]",2,14,24,34,44,54,64,74,79,1,0.299752011339,1,0.870345255255,116,1.4,"b",0,25,10,25,15,-5,12,7
"74","neutral",0,1,0,12,2,1,0,2,2,1,1,74,3,79,25,79,25,5,0.509884394138,1.84988303612,76,"[ 1.9]",1,11,21,31,41,51,61,71,76,1,0.589579669137,1,0.970275611726,93,1.4,"b",0,-3,17,3,-14,15,10,25
"75","cued",1,1,0,12,2,1,2,2,0,1,1,75,3,166,112,166,112,99,0.339888978953,1.35984674818,154,"[ 1.7]",2,13,23,33,43,53,63,73,78,1,0.289654900978,1,0.750245615134,137,1.2,"b",0,-12,17,12,-5,-14,17,3
"76","neutral",0,1,0,12,2,1,0,2,2,1,1,76,3,59,84,59,84,100,0.39985512463,1.15994337182,48,"[ 1.7]",1,11,21,31,41,51,61,71,76,1,0.299691020671,1,0.880480522344,63,1.5,"b",0,-11,15,11,-4,-5,17,12
"77","neutral",0,0,1,12,1,2,0,2,2,1,1,77,3,113,171,171,113,61,0.369906302712,1.16993742898,117,"[ 1.8]",1,12,22,32,42,52,62,72,77,1,0.399682668256,1,1.03020209844,92,1.3,"b",0,-54,25,54,29,-4,15,11
"78","cued",1,1,0,12,2,1,2,2,0,1,1,78,3,20,79,20,79,108,0.719896898729,1.74988117335,28,"[ 1.8]",2,13,23,33,43,53,63,73,78,1,0.649690329647,1,1.19027496276,45,1.3,"b",0,8,17,8,-9,29,25,54
"79","neutral",0,0,1,12,1,2,0,2,2,1,1,79,3,171,166,166,171,99,0.559826437984,1.72983957952,171,"[ 1.6]",1,12,22,32,42,52,62,72,77,1,0.339663343526,1,0.770227720532,161,1,"b",0,5,10,5,-5,-9,17,8
"80","cued",1,1,0,12,2,1,2,2,0,1,1,80,3,27,4,27,4,64,0.389898322846,1.22982635987,7,"[ 1.8]",2,13,23,33,43,53,63,73,78,1,0.839583725166,1,1.61007643964,24,1.4,"b",0,-20,17,20,3,-5,10,5
"81","cued",1,0,1,12,1,2,2,2,0,1,1,81,3,66,91,91,66,115,0.4699018561,1.22987893803,87,"[ 1.7]",2,14,24,34,44,54,64,74,79,1,2.4393605534,1,3.08002997256,99,1.1,"b",0,-4,12,4,-8,3,17,20
"82","neutral",0,0,0,12,1,2,0,1,1,1,1,82,3,86,26,86,26,171,0.459897583747,1.74980125454,87,"[ 1.8]",1,11,21,31,41,51,61,71,76,1,0.28970717869,1,0.970216724181,95,1.1,"b",0,1,8,1,-7,-8,12,4
"83","neutral",0,1,1,12,2,1,0,1,1,1,1,83,3,80,106,106,80,40,0.759840979601,1.58983985593,119,"[ 1.9]",1,12,22,32,42,52,62,72,77,1,0.459633791597,1,1.12016333481,100,1.3,"b",0,13,19,13,-6,-7,8,1
"84","neutral",0,1,1,12,2,1,0,1,1,1,1,84,3,153,22,22,153,87,0.509934869177,1.4399292989,47,"[ 1.6]",1,12,22,32,42,52,62,72,77,1,0.299691321117,1,0.800276290734,63,1.4,"b",0,25,16,25,9,-6,19,13
"85","cued",1,1,1,12,2,1,1,1,0,1,1,85,3,63,15,15,63,70,0.479909733811,1.19993191879,24,"[ 1.7]",2,14,24,34,44,54,64,74,79,1,2.10935807171,1,3.61984215735,45,1.1,"b",0,9,21,9,-12,9,16,25
"86","neutral",0,1,0,12,2,1,0,2,2,1,1,86,3,99,135,99,135,72,0.439878222965,1.45992041769,102,"[ 1.8]",1,11,21,31,41,51,61,71,76,1,0.439657094237,1,0.910271609777,89,1.1,"b",0,3,13,3,-10,-12,21,9
"87","cued",1,0,0,12,1,2,1,1,0,1,1,87,3,45,15,45,15,61,0.449915844893,1.27998953244,36,"[ 1.9]",2,13,23,33,43,53,63,73,78,1,0.6095782991,1,1.0701969548,49,1,"b",0,-9,13,9,-4,-10,13,3
"88","neutral",0,1,1,12,2,1,0,1,1,1,1,88,3,147,115,115,147,28,0.329939087449,1.24997311003,116,"[ 1.5]",1,12,22,32,42,52,62,72,77,1,0.569635420015,1,0.940178669611,97,1.4,"b",0,1,19,1,-18,-4,13,9
"89","neutral",0,1,0,12,2,1,0,2,2,1,1,89,3,115,41,115,41,99,0.459893077048,0.959930332432,121,"[ 1.5]",1,11,21,31,41,51,61,71,76,1,0.439691044707,1,0.790303865728,114,1.3,"b",0,6,7,6,-1,-18,19,1
"90","neutral",0,0,1,12,1,2,0,2,2,1,1,90,3,95,116,116,95,173,0.399911909044,2.34977517577,103,"[ 1.8]",1,12,22,32,42,52,62,72,77,1,0.279718529568,1,0.730340123628,90,1.2,"b",0,-13,13,13,0,-1,7,6
"91","cued",1,0,1,12,1,2,2,2,0,1,1,91,3,177,1,1,177,121,0.749815976429,2.4997223873,176,"[ 1.6]",2,14,24,34,44,54,64,74,79,1,0.479668475156,1,1.02022516673,170,1.1,"b",0,-5,6,5,-1,0,13,13
"92","neutral",0,0,0,12,1,2,0,1,1,1,1,92,3,45,148,45,148,67,0.739812304975,1.7598319662,9,"[ 1.7]",1,11,21,31,41,51,61,71,76,1,0.409654191921,1,0.940238758936,27,1.3,"b",0,-36,18,36,18,-1,6,5
"93","cued",1,1,1,12,2,1,1,1,0,1,1,93,3,59,44,44,59,108,0.329908141444,1.12998012846,38,"[ 1.8]",2,14,24,34,44,54,64,74,79,1,0.609579200438,1,1.48014528398,53,1.2,"b",0,-6,15,6,-9,18,18,36
"94","neutral",0,0,1,12,1,2,0,2,2,1,1,94,3,59,158,158,59,62,0.509936972303,1.61987430514,156,"[ 1.7]",1,12,22,32,42,52,62,72,77,1,0.319636471577,1,0.95020096876,143,1.4,"b",0,-2,13,2,-11,-9,15,6
"95","cued",1,0,0,12,1,2,1,1,0,1,1,95,3,24,58,24,58,6,0.249901904172,1.48994044547,7,"[ 1.9]",2,13,23,33,43,53,63,73,78,1,0.289664515265,1,0.730294455738,18,1.4,"b",0,-17,11,17,6,-11,13,2
"96","cued",1,0,0,12,1,2,1,1,0,1,1,96,3,11,150,11,150,177,1.14967891267,2.16972711633,6,"[ 1.6]",2,13,23,33,43,53,63,73,78,1,1.33949749698,1,1.77012977492,16,1.2,"b",0,-5,10,5,-5,6,11,17
"97","cued",1,0,1,12,1,2,2,2,0,1,1,97,4,178,69,69,178,138,0.499874413301,1.31984287842,59,"[ 1.9]",2,14,24,34,44,54,64,74,79,1,0.569593357486,1,1.50009764516,69,1.4,"b",0,-10,10,10,0,-5,10,5
"98","neutral",0,0,0,12,1,2,0,1,1,1,1,98,4,94,57,94,57,143,0.359940787977,1.69990067234,97,"[ 2.]",1,11,21,31,41,51,61,71,76,1,0.329646151971,1,1.20016927164,87,1.3,"b",0,3,10,3,-7,0,10,10
"99","cued",1,0,1,12,1,2,2,2,0,1,1,99,4,96,178,178,96,176,0.349879430763,1.05997786309,169,"[ 1.8]",2,14,24,34,44,54,64,74,79,1,0.399643309745,1,0.840268743515,156,1.1,"b",0,-9,13,9,-4,-7,10,3
"100","neutral",0,1,0,12,2,1,0,2,2,1,1,100,4,80,45,80,45,175,0.469865502058,1.67987500218,18,"[ 1.6]",1,11,21,31,41,51,61,71,76,1,0.289654300082,1,0.860233423009,30,1.2,"b",0,-62,12,62,50,-4,13,9
"101","neutral",0,0,1,12,1,2,0,2,2,1,1,101,4,66,158,158,66,104,0.489882459264,1.3499022647,153,"[ 1.9]",1,12,22,32,42,52,62,72,77,1,0.229665620915,1,0.730246985171,135,1.4,"b",0,-5,18,5,-13,50,12,62
"102","neutral",0,1,0,12,2,1,0,2,2,1,1,102,4,119,158,119,158,90,0.519798832946,1.28988444221,126,"[ 1.5]",1,11,21,31,41,51,61,71,76,1,0.399631592325,1,0.820321489929,110,1.2,"b",0,7,16,7,-9,-13,18,5
"103","neutral",0,0,0,12,1,2,0,1,1,1,1,103,4,178,127,178,127,142,0.479856554753,1.71986354915,2,"[ 1.7]",1,11,21,31,41,51,61,71,76,1,0.209670295862,1,0.700262109654,12,1.3,"b",0,4,10,4,-6,-9,16,7
"104","neutral",0,1,1,12,2,1,0,1,1,1,1,104,4,149,99,99,149,177,0.549804439277,1.85985245666,113,"[ 1.6]",1,12,22,32,42,52,62,72,77,1,0.339723132409,1,0.950227408062,103,1.2,"b",0,14,10,14,4,-6,10,4
"105","neutral",0,0,1,12,1,2,0,2,2,1,1,105,4,28,52,52,28,75,0.429911806896,1.49992518879,33,"[ 1.6]",1,12,22,32,42,52,62,72,77,1,0.259692258511,1,1.07020296373,15,1.4,"b",0,-19,18,19,1,4,10,14
"106","neutral",0,0,0,12,1,2,0,1,1,1,1,106,4,125,65,125,65,99,0.439815730067,1.13992130702,128,"[ 1.6]",1,11,21,31,41,51,61,71,76,1,0.289679237154,1,0.78022478216,115,1.2,"b",0,3,13,3,-10,1,18,19
"107","cued",1,1,0,12,2,1,2,2,0,1,1,107,4,61,103,61,103,39,0.309969300364,1.1898957991,48,"[ 1.7]",2,13,23,33,43,53,63,73,78,1,0.289734519338,1,0.700336620423,71,1.3,"b",0,-13,23,13,-10,-10,13,3
"108","neutral",0,1,0,12,2,1,0,2,2,1,1,108,4,6,115,6,115,175,0.53985004107,2.25972801166,44,"[ 1.9]",1,11,21,31,41,51,61,71,76,1,0.35962351632,1,0.760254394183,59,1.5,"b",0,38,15,38,23,-10,23,13
"109","cued",1,0,0,12,1,2,1,1,0,1,1,109,4,129,175,129,175,137,0.41991504571,1.1598421213,129,"[ 1.5]",2,13,23,33,43,53,63,73,78,1,0.0497128030511,1,1.08016517355,119,1.5,"b",0,0,10,0,-10,23,15,38
"110","neutral",0,1,1,12,2,1,0,1,1,1,1,110,4,91,67,67,91,176,0.489886064624,1.95979513144,55,"[ 1.8]",1,12,22,32,42,52,62,72,77,1,0.339648020748,1,0.960289366172,67,1,"b",0,-12,12,12,0,-10,10,0
"111","cued",1,0,0,12,1,2,1,1,0,1,1,111,4,88,6,88,6,23,0.27989368996,1.86987385447,85,"[ 1.8]",2,13,23,33,43,53,63,73,78,1,0.279679171057,1,1.23024458159,76,1.4,"b",0,-3,9,3,-6,0,12,12
"112","cued",1,0,0,12,1,2,1,1,0,1,1,112,4,23,130,23,130,141,0.329961620944,1.1499625343,66,"[ 1.6]",2,13,23,33,43,53,63,73,78,1,0.339723132409,1,0.820272817571,81,1,"b",0,43,15,43,28,-6,9,3
"113","neutral",0,0,1,12,1,2,0,2,2,1,1,113,4,12,159,159,12,41,0.469911169945,1.91999196005,165,"[ 1.6]",1,12,22,32,42,52,62,72,77,1,0.449651451847,1,0.980195158121,150,1.1,"b",0,6,15,6,-9,28,15,43
"114","cued",1,1,0,12,2,1,2,2,0,1,1,114,4,75,93,75,93,123,0.489913705718,1.60990608639,69,"[ 1.7]",2,13,23,33,43,53,63,73,78,1,0.299719863549,1,1.12024625809,79,1.5,"b",0,-6,10,6,-4,-9,15,6
"115","cued",1,0,1,12,1,2,2,2,0,1,1,115,4,43,103,103,43,7,0.329935782534,1.91977744114,140,"[ 1.6]",2,14,24,34,44,54,64,74,79,1,0.279587234381,1,0.820236163079,129,1.4,"b",0,37,11,37,26,-4,10,6
"116","neutral",0,0,1,12,1,2,0,2,2,1,1,116,4,25,74,74,25,33,0.36990990807,1.59988408769,71,"[ 1.6]",1,12,22,32,42,52,62,72,77,1,0.439676923717,1,0.910253282531,77,1.1,"b",0,-3,6,3,-3,26,11,37
"117","cued",1,0,1,12,1,2,2,2,0,1,1,117,4,22,146,146,22,138,0.309898995845,1.03994378042,164,"[ 1.8]",2,14,24,34,44,54,64,74,79,1,0.329599883185,1,0.840318317212,150,1.2,"b",0,18,14,18,4,-3,6,3
"118","cued",1,1,1,12,2,1,1,1,0,1,1,118,4,133,66,66,133,131,0.349875825399,1.47991874721,47,"[ 1.7]",2,14,24,34,44,54,64,74,79,1,0.359655964556,1,0.850287136858,64,1.1,"b",0,-19,17,19,2,4,14,18
"119","neutral",0,1,1,12,2,1,0,1,1,1,1,119,4,25,13,13,25,13,0.329918356627,1.12982299486,17,"[ 2.]",1,12,22,32,42,52,62,72,77,1,0.249652233008,1,0.690269254272,27,1.2,"b",0,4,10,4,-6,2,17,19
"120","neutral",0,1,1,12,2,1,0,1,1,1,1,120,4,29,93,93,29,143,0.379858597793,1.17002095315,115,"[ 1.9]",1,12,22,32,42,52,62,72,77,1,0.309539361213,1,0.69020495869,97,1.4,"b",0,22,18,22,4,-6,10,4
"121","cued",1,1,1,12,2,1,1,1,0,1,1,121,4,154,93,93,154,33,0.309883372622,1.92977870903,91,"[ 1.5]",2,14,24,34,44,54,64,74,79,1,0.459661432687,1,1.0802814464,85,1,"b",0,-2,6,2,-4,4,18,22
"122","neutral",0,1,0,12,2,1,0,2,2,1,1,122,4,38,35,38,35,164,0.479855953861,2.21966946062,39,"[ 1.7]",1,11,21,31,41,51,61,71,76,1,0.269760525996,1,1.07024442536,59,1.1,"b",0,1,20,1,-19,-4,6,2
"123","cued",1,1,0,12,2,1,2,2,0,1,1,123,4,1,92,1,92,151,0.23989673048,1.49006513082,3,"[ 1.9]",2,13,23,33,43,53,63,73,78,1,0.359752107481,1,1.22026104006,9,1.1,"b",0,2,6,2,-4,-19,20,1
"124","cued",1,0,0,12,1,2,1,1,0,1,1,124,4,140,144,140,144,147,0.749821684916,1.41989070953,155,"[ 1.9]",2,13,23,33,43,53,63,73,78,1,0.689639818553,1,1.67014413627,152,1.2,"b",0,15,3,15,12,-4,6,2
"125","cued",1,1,0,12,2,1,2,2,0,1,1,125,4,19,23,19,23,125,0.289940926181,1.63985851367,11,"[ 1.9]",2,13,23,33,43,53,63,73,78,1,0.409547833809,1,1.03017505824,23,1.1,"b",0,-8,12,8,-4,12,3,15
"126","cued",1,1,1,12,2,1,1,1,0,1,1,126,4,118,38,38,118,61,0.309866247164,0.949975633775,39,"[ 1.9]",2,14,24,34,44,54,64,74,79,1,0.37972730261,1,0.840348962767,46,1,"b",0,1,7,1,-6,-4,12,8
"127","cued",1,1,1,12,2,1,1,1,0,1,1,127,4,11,161,161,11,115,0.699865520084,2.02976314589,20,"[ 1.9]",2,14,24,34,44,54,64,74,79,1,0.479605681809,1,2.04005674836,11,1.4,"b",0,39,9,39,30,-6,7,1
"128","neutral",0,0,0,12,1,2,0,1,1,1,1,128,4,51,112,51,112,33,0.599869666246,1.56986826617,38,"[ 1.5]",1,11,21,31,41,51,61,71,76,1,0.769522572256,1,1.26013932312,60,1.1,"b",0,-13,22,13,-9,30,9,39
"129","neutral",0,1,0,12,2,1,0,2,2,1,1,129,5,136,150,136,150,147,0.479903724878,1.46994992756,126,"[ 1.8]",1,11,21,31,41,51,61,71,76,1,0.52965168019,1,0.940518474767,111,1,"b",0,-10,15,10,-5,-9,22,13
"130","cued",1,0,1,12,1,2,2,2,0,1,1,130,5,137,158,158,137,162,0.309886977979,1.05993760324,165,"[ 1.7]",2,14,24,34,44,54,64,74,79,1,0.309628894312,1,0.77022681919,154,1.3,"b",0,7,11,7,-4,-5,15,10
"131","cued",1,0,1,12,1,2,2,2,0,1,1,131,5,45,12,12,45,105,0.319982586112,1.60997278554,12,"[ 1.9]",2,14,24,34,44,54,64,74,79,1,0.269674598258,1,0.860170329212,29,1.4,"b",0,0,17,0,-17,-4,11,7
"132","cued",1,1,1,12,2,1,1,1,0,1,1,132,5,114,178,178,114,93,0.629836815409,1.91982701484,177,"[ 1.9]",2,14,24,34,44,54,64,74,79,1,0.509703224816,1,1.25021797404,165,1.3,"b",0,-1,12,1,-11,-17,17,0
"133","cued",1,0,0,12,1,2,1,1,0,1,1,133,5,77,154,77,154,94,0.319893954354,1.11990254713,44,"[ 1.7]",2,13,23,33,43,53,63,73,78,1,0.449632523709,1,0.980147687551,53,1.1,"b",0,-33,9,33,24,-11,12,1
"134","neutral",0,1,1,12,2,1,0,1,1,1,1,134,5,63,45,45,63,40,0.509884093695,1.25991969662,74,"[ 1.9]",1,12,22,32,42,52,62,72,77,1,0.389660669549,1,0.900256821791,55,1.3,"b",0,29,19,29,10,24,9,33
"135","cued",1,0,0,12,1,2,1,1,0,1,1,135,5,75,47,75,47,149,0.49983505479,1.84984457895,70,"[ 1.7]",2,13,23,33,43,53,63,73,78,1,0.369664743608,1,0.820207620651,82,1.4,"b",0,-5,12,5,-7,10,19,29
"136","neutral",0,0,0,12,1,2,0,1,1,1,1,136,5,56,96,56,96,10,0.409903262189,1.50987207583,51,"[ 1.7]",1,11,21,31,41,51,61,71,76,1,0.459637997847,1,0.900193727994,71,1.4,"b",0,-5,20,5,-15,-7,12,5
"137","neutral",0,1,1,12,2,1,0,1,1,1,1,137,5,28,24,24,28,49,0.269920964507,0.909978974745,24,"[ 1.9]",1,12,22,32,42,52,62,72,77,1,0.959634993382,1,1.46018120538,39,1,"b",0,0,15,0,-15,-15,20,5
"138","cued",1,0,1,12,1,2,2,2,0,1,1,138,5,16,55,55,16,151,0.32988500705,1.52985117676,40,"[ 2.]",2,14,24,34,44,54,64,74,79,1,0.579620163335,1,1.02022156138,62,1.2,"b",0,-15,22,15,-7,-15,15,0
"139","neutral",0,1,0,12,2,1,0,2,2,1,1,139,5,15,108,15,108,9,0.369927033527,1.4499287641,14,"[ 1.9]",1,11,21,31,41,51,61,71,76,1,0.659645629192,1,1.03025317437,28,1,"b",0,-1,14,1,-13,-7,22,15
"140","cued",1,0,0,12,1,2,1,1,0,1,1,140,5,15,178,15,178,31,0.189923440186,0.919950798856,20,"[ 1.7]",2,13,23,33,43,53,63,73,78,1,0.23972998259,1,0.700330611486,32,1.4,"b",0,5,12,5,-7,-13,14,1
"141","cued",1,0,0,12,1,2,1,1,0,1,1,141,5,18,167,18,167,88,0.259966866743,1.3399427589,21,"[ 2.]",2,13,23,33,43,53,63,73,78,1,0.229705279871,1,0.620352916649,37,1.1,"b",0,3,16,3,-13,-7,12,5
"142","neutral",0,1,1,12,2,1,0,1,1,1,1,142,5,48,178,178,48,170,0.549881654068,1.35990803929,168,"[ 1.5]",1,12,22,32,42,52,62,72,77,1,0.299719563103,1,0.710392870042,156,1.2,"b",0,-10,12,10,-2,-13,16,3
"143","neutral",0,0,1,12,1,2,0,2,2,1,1,143,5,108,76,76,108,122,0.4498482444,1.58977465901,54,"[ 1.8]",1,12,22,32,42,52,62,72,77,1,0.299720464442,1,0.690265949361,63,1.1,"b",0,-22,9,22,13,-2,12,10
"144","cued",1,1,1,12,2,1,1,1,0,1,1,144,5,25,88,88,25,63,0.449847042612,1.23986969028,90,"[ 1.8]",2,14,24,34,44,54,64,74,79,1,0.409749433511,1,1.08028625355,78,1.5,"b",0,2,12,2,-10,13,9,22
"145","neutral",0,0,0,12,1,2,0,1,1,1,1,145,5,103,139,103,139,3,0.619829238145,2.24970871698,88,"[ 1.9]",1,11,21,31,41,51,61,71,76,1,0.999558343432,1,1.45014448479,97,1.3,"b",0,-15,9,15,6,-10,12,2
"146","cued",1,1,0,12,2,1,2,2,0,1,1,146,5,138,10,138,10,154,0.259753549624,NA,104,"[ 1.8]",2,13,23,33,43,53,63,73,78,0,0.279648225052,1,0.690250927026,98,1.4,"b",0,-34,6,34,28,6,9,15
"147","neutral",0,0,0,12,1,2,0,1,1,1,1,147,5,156,177,156,177,88,0.389832825476,1.50004416566,165,"[ 1.6]",1,11,21,31,41,51,61,71,76,1,0.499646975193,1,1.27046897919,155,1,"b",0,9,10,9,-1,28,6,34
"148","neutral",0,1,1,12,2,1,0,1,1,1,1,148,5,103,132,132,103,44,0.429884766694,1.3898805965,124,"[ 1.6]",1,12,22,32,42,52,62,72,77,1,0.319691152868,1,0.740230827148,107,1.3,"b",0,-8,17,8,-9,-1,10,9
"149","neutral",0,1,0,12,2,1,0,2,2,1,1,149,5,160,84,160,84,125,0.299904037343,0.850012829073,145,"[ 1.8]",1,11,21,31,41,51,61,71,76,1,0.429606252656,1,0.760264308923,134,1.1,"b",0,-15,11,15,4,-9,17,8
"150","cued",1,0,1,12,1,2,2,2,0,1,1,150,5,178,22,22,178,149,0.379934009899,1.06999715777,165,"[ 1.8]",2,14,24,34,44,54,64,74,79,1,0.399741255351,1,0.830331170317,145,1.3,"b",0,-37,20,37,17,4,11,15
"151","cued",1,1,1,12,2,1,1,1,0,1,1,151,5,82,79,79,82,85,0.439903760929,1.22983567371,49,"[ 1.6]",2,14,24,34,44,54,64,74,79,1,0.369680066386,1,0.820290543921,59,1.1,"b",0,-30,10,30,20,17,20,37
"152","neutral",0,0,1,12,1,2,0,2,2,1,1,152,5,98,48,48,98,28,0.539879484841,1.94976081443,77,"[ 1.8]",1,12,22,32,42,52,62,72,77,1,0.749570211075,1,1.66013956348,69,1,"b",0,29,8,29,21,20,10,30
"153","neutral",0,1,0,12,2,1,0,2,2,1,1,153,5,52,81,52,81,94,0.379956242952,1.14997935932,57,"[ 1.6]",1,11,21,31,41,51,61,71,76,1,0.319620547907,1,0.850307567231,78,1.5,"b",0,5,21,5,-16,21,8,29
"154","cued",1,1,0,12,2,1,2,2,0,1,1,154,5,58,100,58,100,175,0.549895775061,2.05980540672,50,"[ 1.6]",2,13,23,33,43,53,63,73,78,1,0.399656529396,1,0.780277961218,70,1.3,"b",0,-8,20,8,-12,-16,21,5
"155","cued",1,1,0,12,2,1,2,2,0,1,1,155,5,78,166,78,166,19,0.519880253985,1.39986774339,52,"[ 1.8]",2,13,23,33,43,53,63,73,78,1,0.469615830894,1,0.950196462058,75,1.1,"b",0,-26,23,26,3,-12,20,8
"156","cued",1,1,1,12,2,1,1,1,0,1,1,156,5,4,84,84,4,145,0.299868885082,1.12990531724,73,"[ 1.6]",2,14,24,34,44,54,64,74,79,1,0.249722537526,1,0.680306143113,81,1.2,"b",0,-11,8,11,3,3,23,26
"157","neutral",0,0,1,12,1,2,0,2,2,1,1,157,5,177,147,147,177,59,0.41988680372,1.63982696677,147,"[ 2.]",1,12,22,32,42,52,62,72,77,1,1.1695510546,1,1.66017080993,134,1.1,"b",0,0,13,0,-13,3,8,11
"158","neutral",0,0,1,12,1,2,0,2,2,1,1,158,5,136,46,46,136,153,0.449813392588,1.37989615362,49,"[ 1.9]",1,12,22,32,42,52,62,72,77,1,0.599589649973,1,0.980147387105,60,1.3,"b",0,3,11,3,-8,-13,13,0
"159","neutral",0,0,0,12,1,2,0,1,1,1,1,159,5,42,149,42,149,98,0.449892109613,1.51992652277,46,"[ 1.5]",1,11,21,31,41,51,61,71,76,1,0.359600982818,1,1.01029570559,59,1.4,"b",0,4,13,4,-9,-8,11,3
"160","cued",1,1,0,12,2,1,2,2,0,1,1,160,5,19,60,19,60,60,0.409803513903,1.2498589403,20,"[ 1.6]",2,13,23,33,43,53,63,73,78,1,0.369648519489,1,0.700297862801,30,1.2,"b",0,1,10,1,-9,-9,13,4
"161","neutral",0,1,1,12,2,1,0,1,1,1,1,161,6,99,87,87,99,11,0.569835517479,1.4598618306,78,"[ 1.6]",1,12,22,32,42,52,62,72,77,1,0.279632000933,1,0.640229865719,97,1.4,"b",0,-9,19,9,-10,-9,10,1
"162","neutral",0,1,1,12,2,1,0,1,1,1,1,162,6,4,49,49,4,54,0.769752714386,1.77983690555,87,"[ 1.5]",1,12,22,32,42,52,62,72,77,1,1.72943457744,1,2.31003119237,97,1,"b",1,38,10,38,28,-10,19,9
"163","neutral",0,1,0,12,2,1,0,2,2,1,1,163,6,141,63,141,63,41,0.589878913994,1.67989903791,128,"[ 1.5]",1,11,21,31,41,51,61,71,76,1,0.389599678885,1,0.800316250137,110,1,"b",0,-13,18,13,-5,28,10,38
"164","neutral",0,0,1,12,1,2,0,2,2,1,1,164,6,133,42,42,133,64,0.339833997219,1.0400041702,45,"[ 1.5]",1,12,22,32,42,52,62,72,77,1,0.349678131508,1,0.840265138155,65,1.2,"b",0,3,20,3,-17,-5,18,13
"165","cued",1,0,1,12,1,2,2,2,0,1,1,165,6,26,151,151,26,133,0.279910815418,0.840096888034,154,"[ 1.9]",2,14,24,34,44,54,64,74,79,1,0.409651788352,1,0.800186457189,145,1,"b",0,3,9,3,-6,-17,20,3
"166","neutral",0,0,0,12,1,2,0,1,1,1,1,166,6,39,63,39,63,174,0.459914408759,1.53001161526,40,"[ 1.8]",1,11,21,31,41,51,61,71,76,1,0.909588995,1,1.40036468214,61,1.2,"b",0,1,21,1,-20,-6,9,3
"167","cued",1,0,1,12,1,2,2,2,0,1,1,167,6,1,32,32,1,116,0.319872021748,1.95980504618,8,"[ 1.7]",2,14,24,34,44,54,64,74,79,1,0.349591302431,1,0.790229054513,18,1.2,"b",0,-24,10,24,14,-20,21,1
"168","cued",1,1,0,12,2,1,2,2,0,1,1,168,6,59,101,59,101,11,1.61968772778,3.0995698205,141,"[ 1.7]",2,13,23,33,43,53,63,73,78,1,0.119693135817,1,1.15022963137,60,1.2,"b",1,82,81,82,1,14,10,24
"169","neutral",0,1,0,12,2,1,0,2,2,1,1,169,6,47,13,47,13,85,0.439900456018,1.18990210848,54,"[ 2.]",1,11,21,31,41,51,61,71,76,1,1.15949991257,1,1.60017492004,70,1,"b",0,7,16,7,-9,1,81,82
"170","cued",1,0,1,12,1,2,2,2,0,1,1,170,6,77,137,137,77,6,0.37990817149,1.33980725747,147,"[ 1.7]",2,14,24,34,44,54,64,74,79,1,0.0896782156342,1,0.590274301776,131,1.5,"b",0,10,16,10,-6,-9,16,7
"171","cued",1,1,1,12,2,1,1,1,0,1,1,171,6,15,163,163,15,129,0.249944267147,0.959999735609,160,"[ 1.6]",2,14,24,34,44,54,64,74,79,1,0.0697787330646,1,0.570341770075,148,1.4,"b",0,-3,12,3,-9,-6,16,10
"172","neutral",0,0,1,12,1,2,0,2,2,1,1,172,6,69,113,113,69,48,0.429878757761,1.62985394087,139,"[ 1.6]",1,12,22,32,42,52,62,72,77,1,0.459697486283,1,0.920346787534,126,1.5,"b",0,26,13,26,13,-9,12,3
"173","neutral",0,1,1,12,2,1,0,1,1,1,1,173,6,167,80,80,167,145,0.469851981958,1.66989146065,79,"[ 1.9]",1,12,22,32,42,52,62,72,77,1,0.289591506735,1,1.04018954578,85,1.3,"b",0,-1,6,1,-5,13,13,26
"174","neutral",0,0,0,12,1,2,0,1,1,1,1,174,6,9,53,9,53,155,0.349876726741,1.46975914394,24,"[ 2.]",1,11,21,31,41,51,61,71,76,1,0.309653230492,1,0.650375648438,45,1.3,"b",0,15,21,15,-6,-5,6,1
"175","cued",1,1,0,12,2,1,2,2,0,1,1,175,6,56,50,56,50,6,0.34999269915,1.12000319675,35,"[ 1.7]",2,13,23,33,43,53,63,73,78,1,0.42957350397,1,0.920163214636,56,1.2,"b",0,-21,21,21,0,-6,21,15
"176","cued",1,0,0,12,1,2,1,1,0,1,1,176,6,51,19,51,19,5,0.229935722444,1.30004885262,58,"[ 1.8]",2,13,23,33,43,53,63,73,78,1,0.449625012545,1,0.930120617308,76,1.1,"b",0,7,18,7,-11,0,21,21
"177","neutral",0,0,0,12,1,2,0,1,1,1,1,177,6,83,30,83,30,46,0.439828348823,1.31987322353,75,"[ 1.6]",1,11,21,31,41,51,61,71,76,1,1.11954171071,1,1.87016318459,86,1,"b",0,-8,11,8,-3,-11,18,7
"178","cued",1,1,1,12,2,1,1,1,0,1,1,178,6,70,135,135,70,161,0.249928343474,1.06995329256,148,"[ 1.6]",2,14,24,34,44,54,64,74,79,1,0.259701872805,1,0.61051839665,129,1.2,"b",0,13,19,13,-6,-3,11,8
"179","cued",1,0,1,12,1,2,2,2,0,1,1,179,6,158,26,26,158,61,0.299861373918,1.06993766934,25,"[ 2.]",2,14,24,34,44,54,64,74,79,1,0.309685979177,1,0.900430479953,36,1.1,"b",0,-1,11,1,-10,-6,19,13
"180","cued",1,1,0,12,2,1,2,2,0,1,1,180,6,179,70,179,70,23,1.37970747313,2.26978155726,4,"[ 1.8]",2,13,23,33,43,53,63,73,78,1,0.749696098217,1,1.20027562975,15,1.2,"b",1,5,11,5,-6,-10,11,1
"181","neutral",0,0,1,12,1,2,0,2,2,1,1,181,6,35,9,9,35,95,0.709831034816,1.5601383016,12,"[ 1.7]",1,12,22,32,42,52,62,72,77,1,0.19969096058,1,0.560235045417,30,1.1,"b",0,3,18,3,-15,-6,11,5
"182","cued",1,1,0,12,2,1,2,2,0,1,1,182,6,85,116,85,116,105,0.319903869091,0.859972334874,79,"[ 1.8]",2,13,23,33,43,53,63,73,78,1,0.299685913076,1,0.87024280295,91,1.3,"b",0,-6,12,6,-6,-15,18,3
"183","neutral",0,0,0,12,1,2,0,1,1,1,1,183,6,161,7,161,7,63,0.32990844189,1.30987285699,159,"[ 1.8]",1,11,21,31,41,51,61,71,76,1,0.589674910723,1,0.990250506402,143,1,"b",0,-2,16,2,-14,-6,12,6
"184","neutral",0,1,0,12,2,1,0,2,2,1,1,184,6,118,14,118,14,26,0.499895745015,1.39990590011,128,"[ 2.]",1,11,21,31,41,51,61,71,76,1,0.519605044858,1,1.03023905338,121,1,"b",0,10,7,10,3,-14,16,2
"185","cued",1,1,1,12,2,1,1,1,0,1,1,185,6,134,4,4,134,172,0.449862365393,1.23992286934,170,"[ 1.9]",2,14,24,34,44,54,64,74,79,1,2.91928771311,1,3.52995693398,153,1.4,"b",0,-14,17,14,-3,3,7,10
"186","cued",1,0,0,12,1,2,1,1,0,1,1,186,6,1,13,1,13,8,0.339915117813,1.12997351863,10,"[ 1.5]",2,13,23,33,43,53,63,73,78,1,0.34966941856,1,0.770244545543,24,1.1,"b",0,9,14,9,-5,-3,17,14
"187","neutral",0,1,0,12,2,1,0,2,2,1,1,187,6,37,24,37,24,21,0.29991395208,0.84993681607,21,"[ 1.9]",1,11,21,31,41,51,61,71,76,1,0.0397214499062,1,0.440312969258,38,1.4,"b",0,-16,17,16,-1,-5,14,9
"188","cued",1,1,1,12,2,1,1,1,0,1,1,188,6,158,120,120,158,126,0.37991778578,0.910023741293,134,"[ 1.8]",2,14,24,34,44,54,64,74,79,1,0.34963336496,1,0.82018598849,123,1.3,"b",0,14,11,14,3,-1,17,16
"189","cued",1,0,0,12,1,2,1,1,0,1,1,189,6,168,15,168,15,131,0.329903634745,0.940015226635,160,"[ 2.]",2,13,23,33,43,53,63,73,78,1,0.279615776813,1,0.71053257773,148,1.4,"b",0,-8,12,8,-4,3,11,14
"190","neutral",0,1,1,12,2,1,0,1,1,1,1,190,6,57,19,19,57,167,0.549896676399,1.56987968314,2,"[ 1.7]",1,12,22,32,42,52,62,72,77,1,0.249712322337,1,0.610354653225,18,1.4,"b",0,-17,16,17,1,-4,12,8
"191","neutral",0,0,1,12,1,2,0,2,2,1,1,191,6,72,111,111,72,148,0.499829646753,1.30988036816,133,"[ 1.6]",1,12,22,32,42,52,62,72,77,1,0.239710754006,1,0.62035982692,116,1.5,"b",0,22,17,22,5,1,16,17
"192","cued",1,0,0,12,1,2,1,1,0,1,1,192,6,155,176,155,176,4,0.47995179634,1.46993009808,172,"[ 1.9]",2,13,23,33,43,53,63,73,78,1,0.319648489443,1,0.650351913155,158,1.2,"b",0,17,14,17,3,5,17,22
"193","neutral",0,0,1,12,1,2,0,2,2,1,1,193,7,32,168,168,32,118,0.329915352162,0.989962378069,159,"[ 1.6]",1,12,22,32,42,52,62,72,77,1,0.259651698212,1,0.73020372085,142,1.3,"b",0,-9,17,9,-8,3,14,17
"194","cued",1,1,0,12,2,1,2,2,0,1,1,194,7,164,70,164,70,118,0.329959818268,1.44990322614,155,"[ 1.5]",2,13,23,33,43,53,63,73,78,1,0.469650682706,1,0.740304737024,149,1.3,"b",0,-9,6,9,3,-8,17,9
"195","cued",1,0,1,12,1,2,2,2,0,1,1,195,7,51,109,109,51,104,0.259941929675,0.990019462934,124,"[ 2.]",2,14,24,34,44,54,64,74,79,1,0.289731815315,1,0.560368744173,112,1,"b",0,15,12,15,3,3,6,9
"196","neutral",0,1,0,12,2,1,0,2,2,1,1,196,7,38,21,38,21,30,0.469842367664,1.27006337622,45,"[ 1.6]",1,11,21,31,41,51,61,71,76,1,0.299668487172,1,0.670295861826,60,1.3,"b",0,7,15,7,-8,3,12,15
"197","neutral",0,1,0,12,2,1,0,2,2,1,1,197,7,31,134,31,134,7,0.499794794941,1.42982467737,34,"[ 1.6]",1,11,21,31,41,51,61,71,76,1,0.519727326646,1,0.860332570399,49,1.4,"b",0,3,15,3,-12,-8,15,7
"198","neutral",0,1,0,12,2,1,0,2,2,1,1,198,7,35,81,35,81,163,0.409826648294,1.62979625511,29,"[ 1.6]",1,11,21,31,41,51,61,71,76,1,0.419485707454,1,0.750061140894,43,1,"b",0,-6,14,6,-8,-12,15,3
"199","cued",1,0,0,12,1,2,1,1,0,1,1,199,7,109,152,109,152,107,0.519877850413,1.20984605715,129,"[ 1.6]",2,13,23,33,43,53,63,73,78,1,0.329716456486,1,0.780325431788,104,1.3,"b",0,20,25,20,-5,-8,14,6
"200","neutral",0,0,0,12,1,2,0,1,1,1,1,200,7,100,17,100,17,124,0.509911734782,1.26988160599,123,"[ 1.7]",1,11,21,31,41,51,61,71,76,1,0.499580576485,1,0.95016341293,111,1.4,"b",0,23,12,23,11,-5,25,20
"201","neutral",0,0,0,12,1,2,0,1,1,1,1,201,7,25,152,25,152,119,0.489919714648,1.55992348225,35,"[ 1.7]",1,11,21,31,41,51,61,71,76,1,1.04955897437,1,1.47026058939,49,1.2,"b",0,10,14,10,-4,11,12,23
"202","neutral",0,0,1,12,1,2,0,2,2,1,1,202,7,57,153,153,57,143,0.609860418499,1.41992315777,154,"[ 1.5]",1,12,22,32,42,52,62,72,77,1,0.579704288397,1,0.960391518031,145,1.5,"b",0,1,9,1,-8,-4,14,10
"203","cued",1,1,1,12,2,1,1,1,0,1,1,203,7,121,103,103,121,2,0.29983433372,2.02988001964,109,"[ 1.9]",2,14,24,34,44,54,64,74,79,1,0.269747606791,1,0.600377421073,87,1.3,"b",0,6,22,6,-16,-8,9,1
"204","cued",1,1,0,12,2,1,2,2,0,1,1,204,7,32,176,32,176,56,0.959730835861,1.56984212731,36,"[ 1.9]",2,13,23,33,43,53,63,73,78,1,0.349682337765,1,0.760252591503,52,1.1,"b",0,4,16,4,-12,-16,22,6
"205","cued",1,1,1,12,2,1,1,1,0,1,1,205,7,34,62,62,34,43,0.279942362315,0.829969132112,38,"[ 1.8]",2,14,24,34,44,54,64,74,79,1,0.269648459398,1,0.65030294035,54,1.4,"b",0,-24,16,24,8,-12,16,4
"206","neutral",0,0,0,12,1,2,0,1,1,1,1,206,7,17,101,17,101,136,0.349935313836,1.13009369729,25,"[ 1.5]",1,11,21,31,41,51,61,71,76,1,0.73951005565,1,1.26009065076,37,1.1,"b",0,8,12,8,-4,8,16,24
"207","cued",1,1,1,12,2,1,1,1,0,1,1,207,7,127,164,164,127,131,0.319873523982,1.43985959527,0,"[ 1.7]",2,14,24,34,44,54,64,74,79,1,0.309580221958,1,0.660192742533,12,1.2,"b",0,16,12,16,4,-4,12,8
"208","neutral",0,1,1,12,2,1,0,1,1,1,1,208,7,131,152,152,131,81,0.389819305379,1.56983131123,164,"[ 1.9]",1,12,22,32,42,52,62,72,77,1,0.30969979972,1,0.680305842663,149,1.5,"b",0,12,15,12,-3,4,12,16
"209","cued",1,0,1,12,1,2,2,2,0,1,1,209,7,29,107,107,29,62,0.359880398199,1.57987944879,146,"[ 1.5]",2,14,24,34,44,54,64,74,79,1,0.729543639573,1,1.22016970428,138,1.4,"b",0,39,8,39,31,-3,15,12
"210","neutral",0,1,1,12,2,1,0,1,1,1,1,210,7,119,26,26,119,19,0.509945685255,1.23000482517,28,"[ 1.9]",1,12,22,32,42,52,62,72,77,1,0.249608067352,1,0.550208840461,47,1.4,"b",0,2,19,2,-17,31,8,39
"211","neutral",0,1,0,12,2,1,0,2,2,1,1,211,7,122,59,122,59,76,0.419895216226,1.12990201233,125,"[ 1.7]",1,11,21,31,41,51,61,71,76,1,0.489627980955,1,1.11014073522,114,1.2,"b",0,3,11,3,-8,-17,19,2
"212","cued",1,1,1,12,2,1,1,1,0,1,1,212,7,129,151,151,129,147,0.419834826454,1.28990667527,150,"[ 2.]",2,14,24,34,44,54,64,74,79,1,0.289674730455,1,0.57026966288,141,1.4,"b",0,-1,9,1,-8,-8,11,3
"213","neutral",0,1,1,12,2,1,0,1,1,1,1,213,7,71,115,115,71,113,0.559840258527,1.03987617993,124,"[ 1.8]",1,12,22,32,42,52,62,72,77,1,0.729568877094,1,1.09026108212,114,1.3,"b",0,9,10,9,-1,-8,9,1
"214","cued",1,1,0,12,2,1,2,2,0,1,1,214,7,176,65,176,65,149,0.669894465114,1.7999037369,72,"[ 1.7]",2,13,23,33,43,53,63,73,78,1,0.309568504537,1,0.760215035672,54,1.3,"b",0,76,18,76,58,-1,10,9
"215","neutral",0,0,1,12,1,2,0,2,2,1,1,215,7,159,151,151,159,59,0.239903039859,1.28010941065,164,"[ 1.9]",1,12,22,32,42,52,62,72,77,1,0.389629723544,1,0.770295321025,155,1,"b",0,13,9,13,4,58,18,76
"216","neutral",0,0,1,12,1,2,0,2,2,1,1,216,7,6,0,0,6,123,0.299849656498,1.13989066146,170,"[ 1.8]",1,12,22,32,42,52,62,72,77,1,0.239678005324,1,0.500441356122,155,1.1,"b",0,-10,15,10,-5,4,9,13
"217","cued",1,1,0,12,2,1,2,2,0,1,1,217,7,144,178,144,178,37,0.309971403491,1.19994453755,164,"[ 2.]",2,13,23,33,43,53,63,73,78,1,0.419622410674,1,0.760254093737,158,1.5,"b",0,20,6,20,14,-5,15,10
"218","cued",1,0,0,12,1,2,1,1,0,1,1,218,7,136,140,136,140,110,0.259895059997,0.969998900368,143,"[ 1.9]",2,13,23,33,43,53,63,73,78,1,0.369784922263,1,0.790290646073,125,1.3,"b",0,7,18,7,-11,14,6,20
"219","neutral",0,1,1,12,2,1,0,1,1,1,1,219,7,84,69,69,84,154,0.269895126094,1.09996911408,45,"[ 1.9]",1,12,22,32,42,52,62,72,77,1,0.369639506091,1,0.780275858091,57,1.3,"b",0,-24,12,24,12,-11,18,7
"220","cued",1,0,1,12,1,2,2,2,0,1,1,220,7,31,107,107,31,179,0.369829688818,1.8997595826,129,"[ 1.7]",2,14,24,34,44,54,64,74,79,1,0.119693736706,1,0.580260114686,112,1.5,"b",0,22,17,22,5,12,12,24
"221","neutral",0,0,0,12,1,2,0,1,1,1,1,221,7,82,105,82,105,19,0.439842770262,1.65983130522,60,"[ 1.9]",1,11,21,31,41,51,61,71,76,1,0.659580432271,1,1.20025730251,76,1.4,"b",0,-22,16,22,6,5,17,22
"222","cued",1,0,0,12,1,2,1,1,0,1,1,222,7,132,158,132,158,110,0.669878541441,1.25991308679,134,"[ 1.5]",2,13,23,33,43,53,63,73,78,1,0.169732524369,1,0.66026995732,124,1.4,"b",0,2,10,2,-8,6,16,22
"223","cued",1,0,0,12,1,2,1,1,0,1,1,223,7,145,114,145,114,57,0.739768740212,1.81982605341,159,"[ 1.7]",2,13,23,33,43,53,63,73,78,1,0.289771474272,1,0.690308312336,134,1.3,"b",0,14,25,14,-11,-8,10,2
"224","cued",1,0,1,12,1,2,2,2,0,1,1,224,7,164,117,117,164,173,0.289940926181,1.08003748372,127,"[ 1.5]",2,14,24,34,44,54,64,74,79,1,0.639619057689,1,0.950221399133,116,1.1,"b",0,10,11,10,-1,-11,25,14
"225","cued",1,0,0,12,1,2,1,1,0,1,1,225,8,152,143,152,143,116,0.989830181548,1.58984616531,153,"[ 1.6]",2,13,23,33,43,53,63,73,78,1,0.259635774542,1,0.590405596962,139,1.4,"b",0,1,14,1,-13,-1,11,10
"226","neutral",0,1,0,12,2,1,0,2,2,1,1,226,8,49,93,49,93,137,0.439912473885,1.74979734874,43,"[ 1.9]",1,11,21,31,41,51,61,71,76,1,0.559630546773,1,1.05020463421,55,1.4,"b",0,-6,12,6,-6,-13,14,1
"227","cued",1,1,0,12,2,1,2,2,0,1,1,227,8,26,53,26,53,163,0.509929461139,1.30995638116,42,"[ 1.6]",2,13,23,33,43,53,63,73,78,1,0.199671731996,1,0.560225431123,64,1.2,"b",0,16,22,16,-6,-6,12,6
"228","cued",1,0,1,12,1,2,2,2,0,1,1,228,8,137,122,122,137,165,0.219891190245,1.10995085294,150,"[ 2.]",2,14,24,34,44,54,64,74,79,1,0.419654858913,1,0.77047468767,136,1.2,"b",0,28,14,28,14,-6,22,16
"229","neutral",0,0,1,12,1,2,0,2,2,1,1,229,8,126,0,0,126,134,0.339897691909,1.00994899017,175,"[ 1.7]",1,12,22,32,42,52,62,72,77,1,0.259711787545,1,0.640323605072,156,1.2,"b",0,-5,19,5,-14,14,14,28
"230","neutral",0,0,1,12,1,2,0,2,2,1,1,230,8,172,6,6,172,54,0.339843010621,1.45983448995,8,"[ 1.6]",1,12,22,32,42,52,62,72,77,1,0.269661679053,1,0.560268394998,26,1.2,"b",0,2,18,2,-16,-14,19,5
"231","cued",1,0,1,12,1,2,2,2,0,1,1,231,8,163,66,66,163,28,0.339915718709,1.55977896741,55,"[ 1.9]",2,14,24,34,44,54,64,74,79,1,0.479649847464,1,1.27018175219,67,1,"b",0,-11,12,11,-1,-16,18,2
"232","cued",1,1,0,12,2,1,2,2,0,1,1,232,8,84,113,84,113,63,0.4799599084,1.06000069703,73,"[ 1.9]",2,13,23,33,43,53,63,73,78,1,0.269752714386,1,0.620318665729,86,1.2,"b",0,-11,13,11,-2,-1,12,11
"233","cued",1,1,1,12,2,1,1,1,0,1,1,233,8,57,123,123,57,68,0.739793376833,1.46987121054,125,"[ 1.6]",2,14,24,34,44,54,64,74,79,1,0.629630408566,1,1.05020673733,113,1.2,"b",0,2,12,2,-10,-2,13,11
"234","neutral",0,0,0,12,1,2,0,1,1,1,1,234,8,18,92,18,92,153,0.549906591135,1.44989841899,9,"[ 2.]",1,11,21,31,41,51,61,71,76,1,0.38957474181,1,0.920192658406,17,1,"b",0,-9,8,9,1,-10,12,2
"235","neutral",0,1,0,12,2,1,0,2,2,1,1,235,8,45,158,45,158,96,0.389897421508,1.359853358,46,"[ 1.9]",1,11,21,31,41,51,61,71,76,1,0.269632235282,1,0.710273893172,63,1.4,"b",0,1,17,1,-16,1,8,9
"236","neutral",0,1,1,12,2,1,0,1,1,1,1,236,8,47,159,159,47,8,0.529845468274,2.07996747965,143,"[ 1.8]",1,12,22,32,42,52,62,72,77,1,0.649635648355,1,1.18028391006,132,1.3,"b",0,-16,11,16,5,-16,17,1
"237","cued",1,1,1,12,2,1,1,1,0,1,1,237,8,172,119,119,172,66,0.27989188728,1.1499135615,123,"[ 1.7]",2,14,24,34,44,54,64,74,79,1,0.309695293021,1,0.690284877499,112,1.5,"b",0,4,11,4,-7,5,11,16
"238","neutral",0,1,1,12,2,1,0,1,1,1,1,238,8,1,45,45,1,28,0.459851014519,1.2999076427,57,"[ 1.8]",1,12,22,32,42,52,62,72,77,1,0.249665753108,1,0.50030525379,72,1.1,"b",0,12,15,12,-3,-7,11,4
"239","cued",1,1,0,12,2,1,2,2,0,1,1,239,8,8,123,8,123,68,0.339877561986,1.12004435794,19,"[ 1.7]",2,13,23,33,43,53,63,73,78,1,0.299703939876,1,0.630424489045,50,1.5,"b",0,11,31,11,-20,-3,15,12
"240","neutral",0,0,1,12,1,2,0,2,2,1,1,240,8,45,97,97,45,134,0.309945565077,0.879985686723,138,"[ 1.6]",1,12,22,32,42,52,62,72,77,1,0.0696645633398,1,0.580278441932,126,1.2,"b",0,41,12,41,29,-20,31,11
"241","cued",1,0,1,12,1,2,2,2,0,1,1,241,8,74,109,109,74,175,0.419833324217,1.64991296061,135,"[ 1.9]",2,14,24,34,44,54,64,74,79,1,0.239661180309,1,0.540384836098,116,1.3,"b",0,26,19,26,7,29,12,41
"242","neutral",0,0,0,12,1,2,0,1,1,1,1,242,8,73,165,73,165,90,0.289787097499,0.789974576204,68,"[ 1.7]",1,11,21,31,41,51,61,71,76,1,0.369526538154,1,0.730239474004,73,1.2,"b",0,-5,5,5,0,7,19,26
"243","cued",1,0,0,12,1,2,1,1,0,1,1,243,8,117,126,117,126,81,2.68953285955,3.23947310071,114,"[ 1.8]",2,13,23,33,43,53,63,73,78,1,0.569652845919,1,1.00022563543,102,1,"b",1,-3,12,3,-9,0,5,5
"244","cued",1,1,1,12,2,1,1,1,0,1,1,244,8,150,8,8,150,134,0.489812755641,1.66980523246,11,"[ 1.5]",2,14,24,34,44,54,64,74,79,1,0.309657737191,1,0.64028875326,26,1.4,"b",0,3,15,3,-12,-9,12,3
"245","cued",1,0,0,12,1,2,1,1,0,1,1,245,8,20,4,20,4,156,0.129974720421,0.970071608452,8,"[ 1.8]",2,13,23,33,43,53,63,73,78,1,0.319596211728,1,0.630269458576,20,1.1,"b",0,-12,12,12,0,-12,15,3
"246","cued",1,1,0,12,2,1,2,2,0,1,1,246,8,9,177,9,177,38,0.229971776043,1.0300041041,9,"[ 1.8]",2,13,23,33,43,53,63,73,78,1,0.339586128739,1,0.670346036419,23,1.1,"b",0,0,14,0,-14,0,12,12
"247","cued",1,0,1,12,1,2,2,2,0,1,1,247,8,59,173,173,59,117,0.569875476882,1.21999875014,159,"[ 1.8]",2,14,24,34,44,54,64,74,79,1,0.339684374791,1,0.820265005957,151,1.1,"b",0,-14,8,14,6,-14,14,0
"248","neutral",0,1,1,12,2,1,0,1,1,1,1,248,8,57,59,59,57,176,0.39983860006,1.60991269621,49,"[ 1.7]",1,12,22,32,42,52,62,72,77,1,0.229640984286,1,0.900186517276,61,1.5,"b",0,-10,12,10,-2,6,8,14
"249","neutral",0,1,0,12,2,1,0,2,2,1,1,249,8,42,59,42,59,157,0.37987392057,1.21991071928,54,"[ 1.8]",1,11,21,31,41,51,61,71,76,1,0.469586086678,1,0.770218406684,66,1,"b",0,12,12,12,0,-2,12,10
"250","neutral",0,0,1,12,1,2,0,2,2,1,1,250,8,69,30,30,69,163,0.42988536759,1.72986872285,17,"[ 1.8]",1,12,22,32,42,52,62,72,77,1,0.299633334918,1,0.610260012538,36,1,"b",0,-13,19,13,-6,0,12,12
"251","cued",1,0,0,12,1,2,1,1,0,1,1,251,8,64,10,64,10,85,0.409868109931,1.55988742865,45,"[ 1.8]",2,13,23,33,43,53,63,73,78,1,0.299589169259,1,0.780218472781,54,1.4,"b",0,-19,9,19,10,-6,19,13
"252","neutral",0,1,0,12,2,1,0,2,2,1,1,252,8,48,140,48,140,149,0.609834279639,1.68986455265,63,"[ 1.6]",1,11,21,31,41,51,61,71,76,1,0.429706301387,1,1.06030354725,74,1.3,"b",0,15,11,15,4,10,9,19
"253","cued",1,1,1,12,2,1,1,1,0,1,1,253,8,95,82,82,95,97,0.419912642134,1.34980522044,76,"[ 1.6]",2,14,24,34,44,54,64,74,79,1,0.359625319001,1,0.870238596697,86,1.4,"b",0,-6,10,6,-4,4,11,15
"254","neutral",0,1,1,12,2,1,0,1,1,1,1,254,8,96,100,100,96,116,0.409944122934,1.2499574868,104,"[ 1.6]",1,12,22,32,42,52,62,72,77,1,0.47965645729,1,1.4102028075,93,1.3,"b",0,4,11,4,-7,-4,10,6
"255","neutral",0,0,0,12,1,2,0,1,1,1,1,255,8,9,14,9,14,100,0.549881353621,NA,7,"[ 1.7]",1,11,21,31,41,51,61,71,76,0,0.289634470606,1,0.710257368606,19,1.3,"b",0,-2,12,2,-10,-7,11,4
"256","neutral",0,0,0,12,1,2,0,1,1,1,1,256,8,141,98,141,98,122,0.479889002992,1.39996628989,169,"[ 2.]",1,11,21,31,41,51,61,71,76,1,0.499612724274,1,0.920247940587,158,1,"b",0,28,11,28,17,-10,12,2
