"cond","cue","colcond","pside","subid","stimcol1","stimcol2","cuecol","probedcol","pcol","delay1","delay2","trialnum","block","ori1","ori2","targori","nontargori","pstartang","DT","CT","resp","ITI","arraytrig","cuetrig","prbontrig","moveontrig","moveofftrig","confontrig","confmovontrig","confmovofftrig","fbtrig","clickresp","confDT","confclicked","confCT","confang","DialConfInterv","session","DTcheck","rdif","confwidth","absrdif","confdiff","prevtrlconfdiff","prevtrlcw","prevtrlabsrdif"
"neutral",0,1,1,9,2,1,0,1,1,1,1,1,1,36,160,160,36,33,5.60928915694,7.12929950487,162,"[ 1.7]",1,12,22,32,42,52,62,72,77,1,1.42959759366,0,NA,177,1.1,"a",1,2,15,2,-13,NA,NA,NA
"cued",1,1,0,9,2,1,2,2,0,1,1,2,1,58,123,58,123,96,1.099790788,2.13984243149,43,"[ 1.9]",2,13,23,33,43,53,63,73,78,1,2.24949109174,1,2.97004750011,59,1.1,"a",0,-15,16,15,-1,-13,15,2
"cued",1,1,1,9,2,1,1,1,0,1,1,3,1,86,113,113,86,119,3.79952064222,4.49966693738,107,"[ 1.7]",2,14,24,34,44,54,64,74,79,1,1.829562079,1,2.78026730942,118,1.3,"a",1,-6,11,6,-5,-1,16,15
"neutral",0,1,0,9,2,1,0,2,2,1,1,4,1,92,162,92,162,135,2.40975865955,3.5697467973,111,"[ 1.7]",1,11,21,31,41,51,61,71,76,1,1.94941564562,1,3.11998366686,125,1.5,"a",0,19,14,19,5,-5,11,6
"cued",1,1,0,9,2,1,2,2,0,1,1,5,1,32,97,32,97,113,5.70928606218,NA,49,"[ 1.6]",2,13,23,33,43,53,63,73,78,0,5.03914544876,1,6.46985505391,95,1.3,"a",1,17,46,17,-29,5,14,19
"neutral",0,1,0,9,2,1,0,2,2,1,1,6,1,125,161,125,161,65,1.44981991783,2.78990283946,128,"[ 1.6]",1,11,21,31,41,51,61,71,76,1,1.26955176713,1,2.27042731468,143,1.2,"a",0,3,15,3,-12,-29,46,17
"neutral",0,0,1,9,1,2,0,2,2,1,1,7,1,62,141,141,62,152,1.6597800675,2.58983721846,148,"[ 1.8]",1,12,22,32,42,52,62,72,77,1,1.89953978168,1,3.07005101552,157,1.3,"a",0,7,9,7,-2,-12,15,3
"cued",1,1,1,9,2,1,1,1,0,1,1,8,1,137,49,49,137,66,1.78978055125,2.86999651163,47,"[ 1.7]",2,14,24,34,44,54,64,74,79,1,1.4495522058,1,2.34010816047,63,1.3,"a",0,-2,16,2,-14,-2,9,7
"neutral",0,0,1,9,1,2,0,2,2,1,1,9,1,177,174,174,177,32,1.41979350418,2.80976250547,173,"[ 1.9]",1,12,22,32,42,52,62,72,77,1,0.869583075311,1,1.68024486487,163,1.1,"a",0,-1,10,1,-9,-14,16,2
"cued",1,1,1,9,2,1,1,1,0,1,1,10,1,142,87,87,142,7,1.11983103194,2.34984975376,87,"[ 1.6]",2,14,24,34,44,54,64,74,79,1,1.93947604759,1,3.17997069289,100,1.1,"a",0,0,13,0,-13,-9,10,1
"neutral",0,0,1,9,1,2,0,2,2,1,1,11,1,111,123,123,111,71,1.9896688994,3.21975552573,125,"[ 1.5]",1,12,22,32,42,52,62,72,77,1,1.4695143295,1,2.65010427549,140,1.1,"a",0,2,15,2,-13,-13,13,0
"neutral",0,0,0,9,1,2,0,1,1,1,1,12,1,120,116,120,116,2,1.8997780484,3.31981883317,112,"[ 1.9]",1,11,21,31,41,51,61,71,76,1,1.74954051781,1,2.80010744537,125,1.2,"a",0,-8,13,8,-5,-13,15,2
"cued",1,0,0,9,1,2,1,1,0,1,1,13,1,22,150,22,150,20,4.86940129553,6.31944025049,13,"[ 1.6]",2,13,23,33,43,53,63,73,78,1,1.4995404427,1,2.32018629873,27,1.1,"a",1,-9,14,9,-5,-5,13,8
"neutral",0,1,0,9,2,1,0,2,2,1,1,14,1,101,172,101,172,128,2.20975673659,3.22005057985,109,"[ 1.9]",1,11,21,31,41,51,61,71,76,1,2.31945557407,1,3.42005791113,119,1.4,"a",0,8,10,8,-2,-5,14,9
"cued",1,0,1,9,1,2,2,2,0,1,1,15,1,24,16,16,24,48,1.7797634339,2.80988028675,17,"[ 2.]",2,14,24,34,44,54,64,74,79,1,3.07941612937,1,3.83005273416,33,1.3,"a",0,1,16,1,-15,-2,10,8
"neutral",0,0,0,9,1,2,0,1,1,1,1,16,1,133,177,133,177,54,1.41983556892,2.46986466871,143,"[ 1.6]",1,11,21,31,41,51,61,71,76,1,1.19952899508,1,2.16031053394,154,1.4,"a",0,10,11,10,-1,-15,16,1
"cued",1,0,0,9,1,2,1,1,0,1,1,17,1,148,121,148,121,72,1.32973259143,2.59990271026,156,"[ 2.]",2,13,23,33,43,53,63,73,78,1,0.879514260399,1,1.82032436123,165,1.3,"a",0,8,9,8,-1,-1,11,10
"neutral",0,1,1,9,2,1,0,1,1,1,1,18,1,5,156,156,5,82,1.68974037942,2.90988800863,143,"[ 1.7]",1,12,22,32,42,52,62,72,77,1,1.9994759935,1,2.91062113699,158,1.5,"a",0,-13,15,13,-2,-1,9,8
"neutral",0,0,0,9,1,2,0,1,1,1,1,19,1,24,9,24,9,7,2.47964472119,3.46974027726,23,"[ 1.9]",1,11,21,31,41,51,61,71,76,1,0.999586864142,1,2.31010698566,38,1.3,"a",0,-1,15,1,-14,-2,15,13
"cued",1,1,0,9,2,1,2,2,0,1,1,20,1,145,88,145,88,91,1.82979704063,3.01976171526,155,"[ 2.]",2,13,23,33,43,53,63,73,78,1,0.919628700532,1,2.00018538533,168,1.1,"a",0,10,13,10,-3,-14,15,1
"cued",1,0,0,9,1,2,1,1,0,1,1,21,1,57,83,57,83,132,1.28986813605,2.44976313043,41,"[ 1.9]",2,13,23,33,43,53,63,73,78,1,0.889606192892,1,1.66021994452,62,1.4,"a",0,-16,21,16,-5,-3,13,10
"cued",1,0,1,9,1,2,2,2,0,1,1,22,1,69,2,2,69,60,1.16981416097,2.47982319588,1,"[ 1.7]",2,14,24,34,44,54,64,74,79,1,0.749662505563,1,1.81021410052,-11,1.2,"a",0,-1,12,1,-11,-5,21,16
"cued",1,1,1,9,2,1,1,1,0,1,1,23,1,20,21,21,20,161,0.879890138913,2.23989972967,17,"[ 1.5]",2,14,24,34,44,54,64,74,79,1,0.899637732433,1,1.81016001728,5,1.3,"a",0,-4,12,4,-8,-11,12,1
"cued",1,0,0,9,1,2,1,1,0,1,1,24,1,100,20,100,20,80,1.10981661876,2.06988936672,108,"[ 1.9]",2,13,23,33,43,53,63,73,78,1,0.559644048153,1,2.23018457708,124,1,"a",0,8,16,8,-8,-8,12,4
"cued",1,1,0,9,2,1,2,2,0,1,1,25,1,129,102,129,102,92,0.999823328084,2.22993699603,143,"[ 1.9]",2,13,23,33,43,53,63,73,78,1,0.729715705444,1,1.89027622414,161,1.4,"a",0,14,18,14,-4,-8,16,8
"cued",1,0,1,9,1,2,2,2,0,1,1,26,1,96,9,9,96,136,1.35986627018,2.65985908912,16,"[ 1.8]",2,14,24,34,44,54,64,74,79,1,2.3195129624,1,3.2101190943,32,1.5,"a",0,7,16,7,-9,-4,18,14
"neutral",0,1,1,9,2,1,0,1,1,1,1,27,1,90,74,74,90,27,0.909866976262,1.79990613553,67,"[ 1.5]",1,12,22,32,42,52,62,72,77,1,0.609680659501,1,1.47022161809,80,1.1,"a",0,-7,13,7,-6,-9,16,7
"neutral",0,0,0,9,1,2,0,1,1,1,1,28,1,130,30,130,30,20,0.910819442204,2.11086673499,122,"[ 1.9]",1,11,21,31,41,51,61,71,76,1,0.6396115261,1,1.54045771847,139,1.5,"a",0,-8,17,8,-9,-6,13,7
"neutral",0,1,0,9,2,1,0,2,2,1,1,29,1,98,34,98,34,31,2.16967384502,3.54972367971,84,"[ 1.8]",1,11,21,31,41,51,61,71,76,1,0.719678457113,1,2.08019462755,106,1.2,"a",0,-14,22,14,-8,-9,17,8
"neutral",0,1,1,9,2,1,0,1,1,1,1,30,1,27,138,138,27,118,0.919857652914,2.01993388024,121,"[ 1.6]",1,12,22,32,42,52,62,72,77,1,0.649709768304,1,1.88022485407,137,1.3,"a",0,-17,16,17,1,-8,22,14
"cued",1,0,1,9,1,2,2,2,0,1,1,31,1,113,119,119,113,91,0.909836329094,2.5298312633,129,"[ 1.7]",2,14,24,34,44,54,64,74,79,1,0.699624692363,1,1.75020093426,142,1.2,"a",0,10,13,10,-3,1,16,17
"neutral",0,0,1,9,1,2,0,2,2,1,1,32,1,7,13,13,7,159,2.26972813858,3.80973546385,10,"[ 1.5]",1,12,22,32,42,52,62,72,77,1,0.85962785323,1,2.06042600166,25,1,"a",0,-3,15,3,-12,-3,13,10
"neutral",0,0,0,9,1,2,0,1,1,1,1,33,2,103,27,103,27,36,1.46980607854,2.67992337006,107,"[ 1.5]",1,11,21,31,41,51,61,71,76,1,0.569599270237,1,1.47019037,116,1.1,"a",0,4,9,4,-5,-12,15,3
"neutral",0,1,0,9,2,1,0,2,2,1,1,34,2,37,58,37,58,140,2.09976765239,3.68977583399,23,"[ 1.9]",1,11,21,31,41,51,61,71,76,1,0.6896421282,1,1.44022765438,44,1.4,"a",0,-14,21,14,-7,-5,9,4
"neutral",0,1,1,9,2,1,0,1,1,1,1,35,2,57,98,98,57,58,2.34974098635,3.15974716686,95,"[ 1.8]",1,12,22,32,42,52,62,72,77,1,0.549724280641,1,1.83050312736,107,1.2,"a",0,-3,12,3,-9,-7,21,14
"neutral",0,0,0,9,1,2,0,1,1,1,1,36,2,125,7,125,7,78,1.82970449819,2.86993071036,120,"[ 1.9]",1,11,21,31,41,51,61,71,76,1,1.01966226219,1,2.00020100937,134,1.5,"a",0,-5,14,5,-9,-9,12,3
"neutral",0,0,1,9,1,2,0,2,2,1,1,37,2,128,94,94,128,66,1.26982578887,2.80002571959,106,"[ 1.6]",1,12,22,32,42,52,62,72,77,1,0.70966524578,1,1.81014920064,118,1.2,"a",0,12,12,12,0,-9,14,5
"neutral",0,0,1,9,1,2,0,2,2,1,1,38,2,150,101,101,150,117,1.9697539483,2.91971493325,109,"[ 1.8]",1,12,22,32,42,52,62,72,77,1,0.419679628918,1,1.32048525886,130,1.5,"a",0,8,21,8,-13,0,12,12
"cued",1,0,0,9,1,2,1,1,0,1,1,39,2,70,161,70,161,8,1.05985482256,2.3998887688,57,"[ 1.8]",2,13,23,33,43,53,63,73,78,1,0.60963228505,1,1.73016489679,74,1.1,"a",0,-13,17,13,-4,-13,21,8
"cued",1,1,1,9,2,1,1,1,0,1,1,40,2,29,135,135,29,163,3.47962098466,4.57970171892,115,"[ 1.7]",2,14,24,34,44,54,64,74,79,1,0.619584802971,1,1.94018664126,132,1.1,"a",1,-20,17,20,3,-4,17,13
"cued",1,1,1,9,2,1,1,1,0,1,1,41,2,73,126,126,73,5,0.459920263278,1.59014369015,122,"[ 1.8]",2,14,24,34,44,54,64,74,79,1,1.18951187773,1,2.17006775127,135,1.3,"a",0,-4,13,4,-9,3,17,20
"neutral",0,0,1,9,1,2,0,2,2,1,1,42,2,23,155,155,23,2,2.73956576567,4.24959715498,160,"[ 1.7]",1,12,22,32,42,52,62,72,77,1,0.699695901963,1,1.59032126346,145,1.1,"a",0,5,15,5,-10,-9,13,4
"cued",1,0,1,9,1,2,2,2,0,1,1,43,2,178,142,142,178,74,1.45980368385,2.77007111646,142,"[ 1.7]",2,14,24,34,44,54,64,74,79,1,0.439676906728,1,2.38028629864,164,1.3,"a",0,0,22,0,-22,-10,15,5
"neutral",0,1,1,9,2,1,0,1,1,1,1,44,2,49,89,89,49,108,1.22982852909,2.61978611281,63,"[ 1.8]",1,12,22,32,42,52,62,72,77,1,0.459691010434,1,1.84013805648,52,1.4,"a",0,-26,11,26,15,-22,22,0
"cued",1,1,1,9,2,1,1,1,0,1,1,45,2,131,111,111,131,165,0.959858217782,2.26991081974,113,"[ 1.6]",2,14,24,34,44,54,64,74,79,1,0.869624238665,1,1.82017533185,125,1.2,"a",0,2,12,2,-10,15,11,26
"cued",1,1,0,9,2,1,2,2,0,1,1,46,2,66,145,66,145,104,1.39976948521,2.75981663378,52,"[ 1.7]",2,13,23,33,43,53,63,73,78,1,0.559659371738,1,2.33014632821,67,1.5,"a",0,-14,15,14,-1,-10,12,2
"neutral",0,1,0,9,2,1,0,2,2,1,1,47,2,109,87,109,87,60,2.36973976647,3.62985521015,110,"[ 1.9]",1,11,21,31,41,51,61,71,76,1,0.489675359346,1,1.45044277648,122,1.2,"a",0,1,12,1,-11,-1,15,14
"cued",1,1,0,9,2,1,2,2,0,1,1,48,2,176,149,176,149,152,0.79990944062,2.18989346503,175,"[ 1.7]",2,13,23,33,43,53,63,73,78,1,0.499642599925,1,1.7701867945,-172,1.3,"a",0,-1,13,1,-12,-11,12,1
"neutral",0,1,0,9,2,1,0,2,2,1,1,49,2,38,177,38,177,46,1.72973673781,3.29975335038,27,"[ 1.6]",1,11,21,31,41,51,61,71,76,1,0.529611925715,1,1.2404618949,46,1.1,"a",0,-11,19,11,-8,-12,13,1
"cued",1,0,0,9,1,2,1,1,0,1,1,50,2,21,67,21,67,114,0.579947196729,2.17005993925,23,"[ 1.9]",2,13,23,33,43,53,63,73,78,1,1.34951654091,1,2.08013002813,40,1.1,"a",0,2,17,2,-15,-8,19,11
"cued",1,1,1,9,2,1,1,1,0,1,1,51,2,152,27,27,152,62,0.759906772513,2.08986861679,27,"[ 1.7]",2,14,24,34,44,54,64,74,79,1,0.599576708513,1,1.51036159753,44,1.3,"a",0,0,17,0,-17,-15,17,2
"cued",1,1,0,9,2,1,2,2,0,1,1,52,2,63,80,63,80,38,0.719841307757,1.65999910462,58,"[ 1.8]",2,13,23,33,43,53,63,73,78,1,0.589728751522,1,1.6402563185,70,1,"a",0,-5,12,5,-7,-17,17,0
"neutral",0,0,0,9,1,2,0,1,1,1,1,53,2,110,178,110,178,137,1.02981068162,2.41985900499,107,"[ 1.8]",1,11,21,31,41,51,61,71,76,1,0.579722450824,1,1.45024356988,116,1.5,"a",0,-3,9,3,-6,-7,12,5
"neutral",0,1,0,9,2,1,0,2,2,1,1,54,2,130,144,130,144,105,1.12979346512,2.20999229915,131,"[ 1.8]",1,11,21,31,41,51,61,71,76,1,0.689604870857,1,1.82039827499,143,1.4,"a",0,1,12,1,-11,-6,9,3
"cued",1,0,1,9,1,2,2,2,0,1,1,55,2,6,18,18,6,102,0.651034807674,1.92990091049,27,"[ 1.7]",2,14,24,34,44,54,64,74,79,1,0.569627513705,1,1.78022464375,41,1.5,"a",0,9,14,9,-5,-11,12,1
"cued",1,1,0,9,2,1,2,2,0,1,1,56,2,117,124,117,124,53,0.769877919107,2.19003047591,123,"[ 1.9]",2,13,23,33,43,53,63,73,78,1,0.759677219208,1,1.79015312468,136,1.2,"a",0,6,13,6,-7,-5,14,9
"cued",1,0,1,9,1,2,2,2,0,1,1,57,2,68,101,101,68,89,2.03964211318,3.19974502757,99,"[ 1.9]",2,14,24,34,44,54,64,74,79,1,0.579632913017,1,1.89041864334,130,1.2,"a",0,-2,31,2,-29,-7,13,6
"neutral",0,0,0,9,1,2,0,1,1,1,1,58,2,165,116,165,116,34,1.18981684711,2.69981278185,168,"[ 1.8]",1,11,21,31,41,51,61,71,76,1,0.489652824663,1,1.33045189852,157,1.2,"a",0,3,11,3,-8,-29,31,2
"neutral",0,1,1,9,2,1,0,1,1,1,1,59,2,118,122,122,118,127,0.969795412118,NA,151,"[ 1.5]",1,12,22,32,42,52,62,72,77,0,0.589706216837,1,2.11029104895,-173,1.2,"a",0,29,36,29,-7,-8,11,3
"cued",1,0,0,9,1,2,1,1,0,1,1,60,2,28,141,28,141,94,2.52963025392,4.00967759479,26,"[ 1.8]",2,13,23,33,43,53,63,73,78,1,0.639530701703,1,1.63010609629,43,1.2,"a",0,-2,17,2,-15,-7,36,29
"cued",1,0,1,9,1,2,2,2,0,1,1,61,2,50,91,91,50,20,0.829875761785,1.82997942133,70,"[ 1.6]",2,14,24,34,44,54,64,74,79,1,1.24962690076,1,2.47018616352,56,1,"a",0,-21,14,21,7,-15,17,2
"neutral",0,1,1,9,2,1,0,1,1,1,1,62,2,58,113,113,58,144,2.81961196477,NA,131,"[ 1.6]",1,12,22,32,42,52,62,72,77,0,2.7593908785,1,3.52001275163,162,1.4,"a",0,18,31,18,-13,7,14,21
"neutral",0,0,1,9,1,2,0,2,2,1,1,63,2,69,158,158,69,48,1.68980588023,2.98986750508,169,"[ 1.7]",1,12,22,32,42,52,62,72,77,1,0.659639150615,1,1.81018345335,-177,1.4,"a",0,11,14,11,-3,-13,31,18
"cued",1,0,0,9,1,2,1,1,0,1,1,64,2,0,126,0,126,33,0.769832248814,1.96979811628,172,"[ 1.6]",2,13,23,33,43,53,63,73,78,1,0.459614092049,1,1.59018515397,-179,1.5,"a",0,-8,9,8,-1,-3,14,11
"cued",1,0,1,9,1,2,2,2,0,1,1,65,3,26,151,151,26,23,2.63970496992,3.50984960953,168,"[ 1.5]",2,14,24,34,44,54,64,74,79,1,0.959610035807,1,1.91013318599,-177,1,"a",0,17,15,17,2,-1,9,8
"cued",1,0,1,9,1,2,2,2,0,1,1,66,3,78,75,75,78,103,0.539928303651,1.61001417281,70,"[ 1.6]",2,14,24,34,44,54,64,74,79,1,0.519606225944,1,1.85008756978,88,1.2,"a",0,-5,18,5,-13,2,15,17
"cued",1,1,1,9,2,1,1,1,0,1,1,67,3,165,85,85,165,23,1.22973448434,2.08002126072,65,"[ 1.7]",2,14,24,34,44,54,64,74,79,1,2.41943565342,1,3.4600512649,51,1.2,"a",0,-20,14,20,6,-13,18,5
"neutral",0,1,0,9,2,1,0,2,2,1,1,68,3,85,72,85,72,18,2.10974631055,2.93977620956,58,"[ 1.9]",1,11,21,31,41,51,61,71,76,1,0.759607511922,1,1.90047992866,44,1.1,"a",0,-27,14,27,13,6,14,20
"neutral",0,1,0,9,2,1,0,2,2,1,1,69,3,41,106,41,106,30,1.94965391234,3.43968381736,25,"[ 1.9]",1,11,21,31,41,51,61,71,76,1,0.799688600726,1,1.67023766279,42,1.4,"a",0,-16,17,16,-1,13,14,27
"neutral",0,1,1,9,2,1,0,1,1,1,1,70,3,171,60,60,171,88,1.05981756522,NA,60,"[ 2.]",1,12,22,32,42,52,62,72,77,0,0.559625419484,1,1.57035042634,84,1.1,"a",0,0,24,0,-24,-1,17,16
"cued",1,1,1,9,2,1,1,1,0,1,1,71,3,116,74,74,116,147,2.07975625285,3.18975044491,79,"[ 1.6]",2,14,24,34,44,54,64,74,79,1,0.429674812503,1,1.4503841863,67,1.2,"a",0,5,12,5,-7,-24,24,0
"cued",1,0,0,9,1,2,1,1,0,1,1,72,3,176,118,176,118,104,0.889843257759,2.15989138884,171,"[ 1.7]",2,13,23,33,43,53,63,73,78,1,0.65962983628,1,1.48045176331,-180,1.5,"a",0,-5,9,5,-4,-7,12,5
"cued",1,1,0,9,2,1,2,2,0,1,1,73,3,157,13,157,13,176,2.37965262335,3.53967411243,155,"[ 1.7]",2,13,23,33,43,53,63,73,78,1,0.419634860013,1,1.55029095281,170,1.4,"a",0,-2,15,2,-13,-4,9,5
"neutral",0,0,0,9,1,2,0,1,1,1,1,74,3,178,169,178,169,27,1.06987885054,2.55983904828,175,"[ 1.6]",1,11,21,31,41,51,61,71,76,1,0.479608365235,1,1.59014939894,-177,1.4,"a",0,-3,8,3,-5,-13,15,2
"neutral",0,0,0,9,1,2,0,1,1,1,1,75,3,82,91,82,91,22,0.809811180388,2.24005026136,82,"[ 2.]",1,11,21,31,41,51,61,71,76,1,0.749585286714,1,1.78015433554,72,1.4,"a",0,0,10,0,-10,-5,8,3
"cued",1,0,1,9,1,2,2,2,0,1,1,76,3,166,172,172,166,41,2.2797590772,3.46974538512,174,"[ 1.5]",2,14,24,34,44,54,64,74,79,1,0.589763004238,1,1.44036646803,-177,1.1,"a",0,2,9,2,-7,-10,10,0
"neutral",0,0,0,9,1,2,0,1,1,1,1,77,3,94,126,94,126,103,0.869812027691,2.53128940753,97,"[ 1.7]",1,11,21,31,41,51,61,71,76,1,0.519674731378,1,1.77044669451,71,1.2,"a",0,3,26,3,-23,-7,9,2
"neutral",0,0,1,9,1,2,0,2,2,1,1,78,3,145,92,92,145,92,0.749822952506,2.00989362728,100,"[ 1.9]",1,12,22,32,42,52,62,72,77,1,0.469608073787,1,1.43030067577,115,1.5,"a",0,8,15,8,-7,-23,26,3
"neutral",0,0,1,9,1,2,0,2,2,1,1,79,3,145,155,155,145,66,1.54976544399,2.77980159263,162,"[ 1.8]",1,12,22,32,42,52,62,72,77,1,1.19958818618,1,2.16025374654,176,1.4,"a",0,7,14,7,-7,-7,15,8
"cued",1,0,0,9,1,2,1,1,0,1,1,80,3,47,130,47,130,125,1.06985811863,2.55983904828,47,"[ 1.7]",2,13,23,33,43,53,63,73,78,1,0.48964861819,1,1.47017564734,33,1.4,"a",0,0,14,0,-14,-7,14,7
"cued",1,0,0,9,1,2,1,1,0,1,1,81,3,120,27,120,27,165,0.63988975432,1.89992858008,113,"[ 1.8]",2,13,23,33,43,53,63,73,78,1,0.46961708766,1,1.35015562452,124,1.4,"a",0,-7,11,7,-4,-14,14,0
"cued",1,1,1,9,2,1,1,1,0,1,1,82,3,142,74,74,142,164,0.979803816053,1.96990267721,75,"[ 1.9]",2,14,24,34,44,54,64,74,79,1,0.66954509686,1,2.55001933476,89,1.4,"a",0,1,14,1,-13,-4,11,7
"cued",1,1,1,9,2,1,1,1,0,1,1,83,3,85,1,1,85,68,0.799813292639,2.36987737827,171,"[ 1.8]",2,14,24,34,44,54,64,74,79,1,0.529645277047,1,1.57032849258,160,1.5,"a",0,-10,11,10,-1,-13,14,1
"neutral",0,1,1,9,2,1,0,1,1,1,1,84,3,81,161,161,81,62,2.58962148643,4.03968087283,174,"[ 1.6]",1,12,22,32,42,52,62,72,77,1,0.709666748091,1,1.59023322796,-177,1.1,"a",0,13,9,13,4,-1,11,10
"cued",1,1,0,9,2,1,2,2,0,1,1,85,3,65,115,65,115,107,0.929884685518,2.49983729959,35,"[ 1.9]",2,13,23,33,43,53,63,73,78,1,0.539666901326,1,1.39019615089,57,1.1,"a",0,-30,22,30,8,4,9,13
"cued",1,1,0,9,2,1,2,2,0,1,1,86,3,36,176,36,176,20,0.75988543968,2.06991100002,35,"[ 1.7]",2,13,23,33,43,53,63,73,78,1,0.64965868969,1,1.78016064525,53,1.1,"a",0,-1,18,1,-17,8,22,30
"cued",1,1,0,9,2,1,2,2,0,1,1,87,3,169,21,169,21,55,0.869895255788,2.19991989671,159,"[ 1.7]",2,13,23,33,43,53,63,73,78,1,0.439703046959,1,1.40046896178,173,1.5,"a",0,-10,14,10,-4,-17,18,1
"neutral",0,1,1,9,2,1,0,1,1,1,1,88,3,158,96,96,158,105,1.46977182582,2.60009380437,118,"[ 2.]",1,12,22,32,42,52,62,72,77,1,0.689601565771,1,1.90024977443,128,1.4,"a",0,22,10,22,12,-4,14,10
"cued",1,0,0,9,1,2,1,1,0,1,1,89,3,170,13,170,13,151,0.539870013939,2.01989181549,173,"[ 2.]",2,13,23,33,43,53,63,73,78,1,1.42955943493,1,2.37036292558,-174,1.3,"a",0,3,13,3,-10,12,10,22
"cued",1,0,1,9,1,2,2,2,0,1,1,90,3,15,136,136,15,75,0.489896800163,1.81995058595,134,"[ 1.5]",2,14,24,34,44,54,64,74,79,1,0.589640716025,1,1.64045131862,167,1.2,"a",0,-2,33,2,-31,-10,13,3
"neutral",0,0,1,9,1,2,0,2,2,1,1,91,3,39,30,30,39,157,0.809904924668,2.31002946635,35,"[ 1.8]",1,12,22,32,42,52,62,72,77,1,0.639664707951,0,NA,47,1.2,"a",0,5,12,5,-7,-31,33,2
"neutral",0,1,0,9,2,1,0,2,2,1,1,92,3,155,139,155,139,174,0.849877846995,2.51982646491,163,"[ 1.9]",1,11,21,31,41,51,61,71,76,1,0.489655829288,1,1.55035945824,175,1.2,"a",0,8,12,8,-4,-7,12,5
"neutral",0,1,0,9,2,1,0,2,2,1,1,93,3,66,117,66,117,141,0.72977820163,2.34978485387,38,"[ 1.7]",1,11,21,31,41,51,61,71,76,1,0.489695490329,1,1.37032536777,58,1.3,"a",0,-28,20,28,8,-4,12,8
"neutral",0,0,0,9,1,2,0,1,1,1,1,94,3,81,128,81,128,134,0.749901373203,2.05995818164,58,"[ 1.8]",1,11,21,31,41,51,61,71,76,1,0.629686350261,1,1.61024853352,41,1.3,"a",0,-23,17,23,6,8,20,28
"neutral",0,1,1,9,2,1,0,1,1,1,1,95,3,91,98,98,91,108,0.809846935419,1.82002029323,95,"[ 1.8]",1,12,22,32,42,52,62,72,77,1,0.919606766774,1,2.47015521589,110,1.4,"a",0,-3,15,3,-12,6,17,23
"neutral",0,0,1,9,1,2,0,2,2,1,1,96,3,30,97,97,30,70,0.929886788757,1.71996660059,105,"[ 1.6]",1,12,22,32,42,52,62,72,77,1,0.63965839824,1,1.77019400559,119,1.1,"a",0,8,14,8,-6,-12,15,3
"neutral",0,0,0,9,1,2,0,1,1,1,1,97,4,139,71,139,71,79,0.899840845044,2.08003087552,132,"[ 1.9]",1,11,21,31,41,51,61,71,76,1,0.39966672706,1,1.1804634513,143,1.3,"a",0,-7,11,7,-4,-6,14,8
"cued",1,0,1,9,1,2,2,2,0,1,1,98,4,36,82,82,36,111,0.389897491228,1.78008432779,58,"[ 1.6]",2,14,24,34,44,54,64,74,79,1,0.559688516596,1,2.10022585762,75,1.3,"a",0,-24,17,24,7,-4,11,7
"cued",1,1,0,9,2,1,2,2,0,1,1,99,4,142,170,142,170,130,0.449880310787,1.5099706959,141,"[ 1.8]",2,13,23,33,43,53,63,73,78,1,0.65964335709,1,1.92043123571,153,1.2,"a",0,-1,12,1,-11,7,17,24
"cued",1,0,0,9,1,2,1,1,0,1,1,100,4,150,106,150,106,134,0.699944985327,1.88996194042,149,"[ 1.5]",2,13,23,33,43,53,63,73,78,1,0.349704329934,1,1.46032017879,158,1.4,"a",0,-1,9,1,-8,-11,12,1
"neutral",0,1,0,9,2,1,0,2,2,1,1,101,4,145,108,145,108,83,0.679850057224,2.1898673248,145,"[ 1.7]",1,11,21,31,41,51,61,71,76,1,0.349636425422,1,1.54016506806,158,1.4,"a",0,0,13,0,-13,-8,9,1
"neutral",0,1,0,9,2,1,0,2,2,1,1,102,4,131,83,131,83,67,0.989900255483,2.8098150864,137,"[ 1.5]",1,11,21,31,41,51,61,71,76,1,0.429706661524,1,1.55056347224,150,1.4,"a",0,6,13,6,-7,-13,13,0
"neutral",0,1,1,9,2,1,0,1,1,1,1,103,4,168,104,104,168,139,0.55987991117,1.53005931429,118,"[ 1.7]",1,12,22,32,42,52,62,72,77,1,0.439583162446,1,1.46011977034,129,1.1,"a",0,14,11,14,3,-7,13,6
"neutral",0,0,1,9,1,2,0,2,2,1,1,104,4,107,167,167,107,75,1.17989167127,2.56984865406,168,"[ 1.7]",1,12,22,32,42,52,62,72,77,1,0.409667919896,1,1.42046233358,177,1.2,"a",0,1,9,1,-8,3,11,14
"cued",1,1,0,9,2,1,2,2,0,1,1,105,4,30,109,30,109,70,1.04987706579,2.5298664174,23,"[ 1.6]",2,13,23,33,43,53,63,73,78,1,0.399640286365,1,1.13023814954,40,1.4,"a",0,-7,17,7,-10,-8,9,1
"neutral",0,1,1,9,2,1,0,1,1,1,1,106,4,85,20,20,85,42,1.80967657321,2.80967897691,21,"[ 1.6]",1,12,22,32,42,52,62,72,77,1,0.359690800111,1,1.38021448812,35,1.4,"a",0,1,14,1,-13,-10,17,7
"cued",1,1,0,9,2,1,2,2,0,1,1,107,4,109,74,109,74,42,0.419935622916,2.17015608723,112,"[ 1.9]",2,13,23,33,43,53,63,73,78,1,0.449672090315,1,1.4602552789,124,1.2,"a",0,3,12,3,-9,-13,14,1
"neutral",0,0,1,9,1,2,0,2,2,1,1,108,4,31,103,103,31,104,0.779841253674,2.02989601295,120,"[ 1.6]",1,12,22,32,42,52,62,72,77,1,0.369607863464,1,1.60012355016,136,1.3,"a",0,17,16,17,1,-9,12,3
"cued",1,1,1,9,2,1,1,1,0,1,1,109,4,86,96,96,86,120,0.629904786456,1.82994306537,108,"[ 1.6]",2,14,24,34,44,54,64,74,79,1,0.39965560995,1,1.27022239929,121,1.4,"a",0,12,13,12,-1,1,16,17
"neutral",0,1,1,9,2,1,0,1,1,1,1,110,4,165,179,179,165,162,0.82987516086,1.86007974874,176,"[ 1.7]",1,12,22,32,42,52,62,72,77,1,0.679662568658,1,1.71017993794,-172,1.5,"a",0,-3,12,3,-9,-1,13,12
"neutral",0,0,1,9,1,2,0,2,2,1,1,111,4,47,105,105,47,2,1.24980297175,2.94998231778,138,"[ 1.5]",1,12,22,32,42,52,62,72,77,1,0.369693795721,1,1.01026529932,161,1.2,"a",0,33,23,33,10,-9,12,3
"cued",1,0,0,9,1,2,1,1,0,1,1,112,4,135,113,135,113,131,1.08982625158,2.4398803198,120,"[ 1.7]",2,13,23,33,43,53,63,73,78,1,0.369638811093,1,1.55019630714,137,1.5,"a",0,-15,17,15,-2,10,23,33
"cued",1,0,1,9,1,2,2,2,0,1,1,113,4,111,120,120,111,9,2.01974428843,3.1898033263,157,"[ 1.8]",2,14,24,34,44,54,64,74,79,1,0.409715392962,1,1.27027708346,174,1.2,"a",0,37,17,37,20,-2,17,15
"neutral",0,1,0,9,2,1,0,2,2,1,1,114,4,30,48,30,48,155,1.05980344348,2.76976584661,25,"[ 1.5]",1,11,21,31,41,51,61,71,76,1,0.76963724869,1,2.59006797362,6,1.1,"a",0,-5,19,5,-14,20,17,37
"neutral",0,0,1,9,1,2,0,2,2,1,1,115,4,115,88,88,115,107,1.17980934456,2.18986432017,99,"[ 1.6]",1,12,22,32,42,52,62,72,77,1,0.509695772764,1,1.59032036207,116,1.2,"a",0,11,17,11,-6,-14,19,5
"neutral",0,0,0,9,1,2,0,1,1,1,1,116,4,109,150,109,150,111,0.879870909315,1.76015976189,99,"[ 1.9]",1,11,21,31,41,51,61,71,76,1,0.349672480916,1,1.69018115782,110,1.4,"a",0,-10,11,10,-1,-6,17,11
"cued",1,0,0,9,1,2,1,1,0,1,1,117,4,41,24,41,24,130,0.43989984986,1.69996030891,49,"[ 1.7]",2,13,23,33,43,53,63,73,78,1,0.4296252362,1,1.56018337824,76,1.3,"a",0,8,27,8,-19,-1,11,10
"cued",1,1,1,9,2,1,1,1,0,1,1,118,4,75,124,124,75,122,0.78986107518,2.11989803507,134,"[ 1.7]",2,14,24,34,44,54,64,74,79,1,1.12960777933,1,2.26022060553,158,1.4,"a",0,10,24,10,-14,-19,27,8
"cued",1,0,0,9,1,2,1,1,0,1,1,119,4,104,13,104,13,63,0.55988081256,1.90984203788,106,"[ 2.]",2,13,23,33,43,53,63,73,78,1,0.559662376363,1,1.51021136631,118,1.3,"a",0,2,12,2,-10,-14,24,10
"cued",1,1,1,9,2,1,1,1,0,1,1,120,4,85,43,43,85,124,0.369887593995,1.70013187297,41,"[ 1.9]",2,14,24,34,44,54,64,74,79,1,0.409719298974,1,1.6302220748,32,1.5,"a",0,-2,9,2,-7,-10,12,2
"cued",1,1,1,9,2,1,1,1,0,1,1,121,4,1,44,44,1,0,0.769863196447,2.09004258454,38,"[ 1.6]",2,14,24,34,44,54,64,74,79,1,0.499664834146,1,1.48019847347,28,1.5,"a",0,-6,10,6,-4,-7,9,2
"cued",1,0,1,9,1,2,2,2,0,1,1,122,4,70,45,45,70,55,0.390018878054,1.76991577737,36,"[ 1.8]",2,14,24,34,44,54,64,74,79,1,0.439645658633,1,2.36025897459,17,1.4,"a",0,-9,19,9,-10,-4,10,6
"neutral",0,0,0,9,1,2,0,1,1,1,1,123,4,98,87,98,87,64,0.73986622811,2.1598724597,100,"[ 1.6]",1,11,21,31,41,51,61,71,76,1,0.329682113743,1,1.56036425663,108,1.5,"a",0,2,8,2,-6,-10,19,9
"cued",1,1,0,9,2,1,2,2,0,1,1,124,4,136,15,136,15,26,0.739765573195,2.11982772685,154,"[ 1.7]",2,13,23,33,43,53,63,73,78,1,0.619580596496,1,1.65015505364,170,1.2,"a",0,18,16,18,2,-6,8,2
"neutral",0,1,1,9,2,1,0,1,1,1,1,125,4,101,115,115,101,23,1.65975242496,3.44978566512,151,"[ 2.]",1,12,22,32,42,52,62,72,77,1,0.68953396172,1,1.59017674102,173,1.4,"a",0,36,22,36,14,2,16,18
"cued",1,0,1,9,1,2,2,2,0,1,1,126,4,161,124,124,161,16,0.459822012059,1.76002275102,136,"[ 1.7]",2,14,24,34,44,54,64,74,79,1,0.429670005105,1,1.12054793533,157,1.2,"a",0,12,21,12,-9,14,22,36
"neutral",0,0,0,9,1,2,0,1,1,1,1,127,4,83,114,83,114,122,1.19983666862,2.21988442412,73,"[ 2.]",1,11,21,31,41,51,61,71,76,1,0.66960939582,1,2.19044451315,59,1.3,"a",0,-10,14,10,-4,-9,21,12
"neutral",0,1,0,9,2,1,0,2,2,1,1,128,4,159,176,159,176,93,0.779835544887,1.84992411821,166,"[ 1.8]",1,11,21,31,41,51,61,71,76,1,0.409667919896,1,1.38033196893,179,1.3,"a",0,7,13,7,-6,-4,14,10
"neutral",0,0,0,9,1,2,0,1,1,1,1,129,5,126,95,126,95,171,0.869831257289,1.84989256965,115,"[ 2.]",1,11,21,31,41,51,61,71,76,1,0.379637900693,1,1.55027352598,130,1.4,"a",0,-11,15,11,-4,-6,13,7
"neutral",0,0,1,9,1,2,0,2,2,1,1,130,5,48,56,56,48,23,0.749860810774,1.94009409883,43,"[ 1.9]",1,12,22,32,42,52,62,72,77,1,0.389715110527,1,1.40024361495,25,1.4,"a",0,-13,18,13,-5,-4,15,11
"neutral",0,1,0,9,2,1,0,2,2,1,1,131,5,95,55,95,55,178,1.09984427032,2.34992216521,93,"[ 1.5]",1,11,21,31,41,51,61,71,76,1,0.559637137518,1,2.25012807212,66,1,"a",0,-2,27,2,-25,-5,18,13
"cued",1,0,1,9,1,2,2,2,0,1,1,132,5,28,32,32,28,145,0.649871116637,2.17989076988,18,"[ 1.9]",2,14,24,34,44,54,64,74,79,1,0.449667583376,1,1.60045556115,7,1.4,"a",0,-14,11,14,3,-25,27,2
"neutral",0,0,1,9,1,2,0,2,2,1,1,133,5,117,164,164,117,62,1.06974274105,2.48983129935,12,"[ 1.9]",1,12,22,32,42,52,62,72,77,1,0.489644712177,1,1.52060406171,-5,1.3,"a",0,28,17,28,11,3,11,14
"cued",1,0,1,9,1,2,2,2,0,1,1,134,5,41,11,11,41,43,0.909837831407,2.51985681162,26,"[ 1.7]",2,14,24,34,44,54,64,74,79,1,0.319668902406,1,1.14029402654,6,1.4,"a",0,15,20,15,-5,11,17,28
"cued",1,1,0,9,2,1,2,2,0,1,1,135,5,47,25,47,25,54,0.909889210485,2.4698727812,57,"[ 1.9]",2,13,23,33,43,53,63,73,78,1,0.319671005644,1,1.21041655211,30,1.2,"a",0,10,27,10,-17,-5,20,15
"neutral",0,0,0,9,1,2,0,1,1,1,1,136,5,5,70,5,70,44,1.00990834994,2.35997233342,13,"[ 1.7]",1,11,21,31,41,51,61,71,76,1,0.669635836515,1,1.74030460281,-3,1.3,"a",0,8,16,8,-8,-17,27,10
"neutral",0,0,0,9,1,2,0,1,1,1,1,137,5,102,135,102,135,133,0.959815852579,2.5500373625,103,"[ 1.9]",1,11,21,31,41,51,61,71,76,1,0.379719326014,1,1.17033726609,121,1.4,"a",0,1,18,1,-17,-8,16,8
"cued",1,0,0,9,1,2,1,1,0,1,1,138,5,104,22,104,22,22,0.409926317596,1.57991534771,100,"[ 1.8]",2,13,23,33,43,53,63,73,78,1,0.409712087874,1,1.56025548922,121,1.3,"a",0,-4,21,4,-17,-17,18,1
"neutral",0,1,1,9,2,1,0,1,1,1,1,139,5,92,96,96,92,92,0.90978044308,1.84985891786,108,"[ 1.6]",1,12,22,32,42,52,62,72,77,1,0.329669794781,1,1.69019858464,130,1.1,"a",0,12,22,12,-10,-17,21,4
"cued",1,0,0,9,1,2,1,1,0,1,1,140,5,91,107,91,107,168,0.419875530428,1.75992810535,94,"[ 1.7]",2,13,23,33,43,53,63,73,78,1,0.509681050105,1,1.28023891572,105,1.3,"a",0,3,11,3,-8,-10,22,12
"neutral",0,1,1,9,2,1,0,1,1,1,1,141,5,159,139,139,159,13,0.889867595217,2.3399095548,139,"[ 1.8]",1,12,22,32,42,52,62,72,77,1,0.539641962945,1,1.48025195579,167,1.2,"a",0,0,28,0,-28,-8,11,3
"neutral",0,0,1,9,1,2,0,2,2,1,1,142,5,137,12,12,137,136,0.85989616619,2.33993419272,9,"[ 2.]",1,12,22,32,42,52,62,72,77,1,1.45958044025,1,2.44019670675,-9,1.5,"a",0,-3,18,3,-15,-28,28,0
"cued",1,1,0,9,2,1,2,2,0,1,1,143,5,164,21,164,21,135,0.619900889458,1.98990506288,168,"[ 1.6]",2,13,23,33,43,53,63,73,78,1,0.339674593166,1,1.19025702459,177,1.4,"a",0,4,9,4,-5,-15,18,3
"cued",1,1,0,9,2,1,2,2,0,1,1,144,5,132,134,132,134,101,0.759822643029,2.2499985728,132,"[ 2.]",2,13,23,33,43,53,63,73,78,1,0.509590911372,1,1.71037794269,167,1.2,"a",0,0,35,0,-35,-5,9,4
"cued",1,0,1,9,1,2,2,2,0,1,1,145,5,44,95,95,44,34,0.319952839414,1.51002688237,86,"[ 1.8]",2,14,24,34,44,54,64,74,79,1,0.339710047734,1,1.64036418452,70,1.2,"a",0,-9,16,9,-7,-35,35,0
"cued",1,0,1,9,1,2,2,2,0,1,1,146,5,7,55,55,7,14,0.329922784158,1.40999512349,57,"[ 1.6]",2,14,24,34,44,54,64,74,79,1,0.489591530324,1,1.66020371955,32,1.1,"a",0,2,25,2,-23,-7,16,9
"neutral",0,0,0,9,1,2,0,1,1,1,1,147,5,3,101,3,101,52,1.44980459425,2.48997371855,7,"[ 1.8]",1,11,21,31,41,51,61,71,76,1,0.379621675722,1,1.35028872938,-11,1.2,"a",0,4,18,4,-14,-23,25,2
"neutral",0,1,0,9,2,1,0,2,2,1,1,148,5,156,53,156,53,83,0.709856640355,2.35996872787,165,"[ 1.7]",1,11,21,31,41,51,61,71,76,1,1.39957208139,1,2.14028561359,-180,1.1,"a",0,9,15,9,-6,-14,18,4
"cued",1,1,1,9,2,1,1,1,0,1,1,149,5,142,10,10,142,97,0.529923505266,1.74998309899,12,"[ 1.6]",2,14,24,34,44,54,64,74,79,1,0.50959692062,1,1.45018588109,-1,1.4,"a",0,2,13,2,-11,-6,15,9
"neutral",0,1,1,9,2,1,0,1,1,1,1,150,5,46,116,116,46,75,0.99987560855,2.19992139903,113,"[ 2.]",1,12,22,32,42,52,62,72,77,1,0.319691437091,1,1.17031923834,124,1.4,"a",0,-3,11,3,-8,-11,13,2
"cued",1,0,0,9,1,2,1,1,0,1,1,151,5,145,109,145,109,54,0.319913779296,1.74992661205,130,"[ 1.7]",2,13,23,33,43,53,63,73,78,1,0.439668493778,1,1.38025354824,140,1.4,"a",0,-15,10,15,5,-8,11,3
"cued",1,1,1,9,2,1,1,1,0,1,1,152,5,53,77,77,53,19,0.47988449022,1.88993820389,69,"[ 1.9]",2,14,24,34,44,54,64,74,79,1,0.359680584386,1,1.29024491595,50,1.4,"a",0,-8,19,8,-11,5,10,15
"neutral",0,0,1,9,1,2,0,2,2,1,1,153,5,67,161,161,67,117,0.849847199825,2.05019285182,175,"[ 1.9]",1,12,22,32,42,52,62,72,77,1,0.509612244205,1,1.36020789597,-173,1.1,"a",0,14,12,14,2,-11,19,8
"cued",1,0,0,9,1,2,1,1,0,1,1,154,5,91,65,91,65,75,0.169911510806,1.17019905336,84,"[ 1.6]",2,13,23,33,43,53,63,73,78,1,0.379623178034,1,1.7802186345,71,1.2,"a",0,-7,13,7,-6,2,12,14
"cued",1,1,1,9,2,1,1,1,0,1,1,155,5,127,103,103,127,38,0.349908343931,1.57995981615,106,"[ 1.9]",2,14,24,34,44,54,64,74,79,1,0.309687540093,1,1.45046921717,116,1.5,"a",0,3,10,3,-7,-6,13,7
"neutral",0,1,1,9,2,1,0,1,1,1,1,156,5,0,11,11,0,172,0.619911706108,2.30011841225,14,"[ 1.8]",1,12,22,32,42,52,62,72,77,1,0.299700769454,1,1.57029033385,-1,1.4,"a",0,3,15,3,-12,-7,10,3
"neutral",0,1,0,9,2,1,0,2,2,1,1,157,5,118,166,118,166,63,0.709887587987,2.20985709105,116,"[ 1.6]",1,11,21,31,41,51,61,71,76,1,0.319607007144,1,1.38016611367,128,1.3,"a",0,-2,12,2,-10,-12,15,3
"cued",1,1,0,9,2,1,2,2,0,1,1,158,5,106,75,106,75,177,0.52985980723,1.93986184136,114,"[ 1.5]",2,13,23,33,43,53,63,73,78,1,0.499612854144,1,1.46044096469,125,1.3,"a",0,8,11,8,-3,-10,12,2
"cued",1,1,1,9,2,1,1,1,0,1,1,159,5,135,120,120,135,119,0.329905357336,1.17999412896,105,"[ 1.6]",2,14,24,34,44,54,64,74,79,1,3.3193305817,1,4.7699235894,121,1.3,"a",0,-15,16,15,-1,-3,11,8
"neutral",0,1,0,9,2,1,0,2,2,1,1,160,5,120,123,120,123,118,0.939822781242,2.71976318752,110,"[ 1.7]",1,11,21,31,41,51,61,71,76,1,0.399740340357,1,1.83038144008,125,1.1,"a",0,-10,15,10,-5,-1,16,15
"cued",1,0,1,9,1,2,2,2,0,1,1,161,6,141,67,67,141,128,0.449858076565,1.27993154264,70,"[ 1.8]",2,14,24,34,44,54,64,74,79,1,1.02960516531,1,1.85018642192,84,1.1,"a",0,3,14,3,-11,-5,15,10
"neutral",0,0,1,9,1,2,0,2,2,1,1,162,6,31,4,4,31,84,0.789910951946,2.18992140804,7,"[ 1.9]",1,12,22,32,42,52,62,72,77,1,0.379629187282,1,1.20014043615,17,1,"a",0,3,10,3,-7,-11,14,3
"neutral",0,1,0,9,2,1,0,2,2,1,1,163,6,123,24,123,24,178,0.769848173324,2.18987333405,155,"[ 1.8]",1,11,21,31,41,51,61,71,76,1,0.319624433967,1,1.08027064455,174,1.2,"a",0,32,19,32,13,-7,10,3
"cued",1,1,1,9,2,1,1,1,0,1,1,164,6,87,130,130,87,131,0.439942815987,1.76999119345,145,"[ 1.5]",2,14,24,34,44,54,64,74,79,1,0.349674283691,1,1.41048247358,156,1.3,"a",0,15,11,15,4,13,19,32
"cued",1,0,0,9,1,2,1,1,0,1,1,165,6,131,124,131,124,164,2.18973061439,3.89992287129,122,"[ 1.8]",2,13,23,33,43,53,63,73,78,1,0.479697602581,1,1.61024733167,135,1,"a",0,-9,13,9,-4,4,11,15
"neutral",0,1,1,9,2,1,0,1,1,1,1,166,6,69,142,142,69,47,0.979872621952,2.60984651477,137,"[ 1.9]",1,12,22,32,42,52,62,72,77,1,0.449611096439,1,1.56018518101,149,1.5,"a",0,-5,12,5,-7,-4,13,9
"cued",1,0,1,9,1,2,2,2,0,1,1,167,6,88,127,127,88,53,0.409926017133,1.9201385853,138,"[ 1.7]",2,14,24,34,44,54,64,74,79,1,0.529651586758,1,1.63044802255,156,1,"a",0,11,18,11,-7,-7,12,5
"cued",1,0,0,9,1,2,1,1,0,1,1,168,6,44,41,44,41,60,0.389923931923,1.33016435596,43,"[ 1.7]",2,13,23,33,43,53,63,73,78,1,0.349714245194,0,NA,3,1.4,"a",0,-1,40,1,-39,-7,18,11
"cued",1,1,1,9,2,1,1,1,0,1,1,169,6,37,163,163,37,109,0.439927492404,1.9799170904,159,"[ 1.7]",2,14,24,34,44,54,64,74,79,1,0.319710065762,1,1.30027224902,167,1.1,"a",0,-4,8,4,-4,-39,40,1
"neutral",0,1,0,9,2,1,0,2,2,1,1,170,6,86,122,86,122,28,0.889847764694,2.34999067064,63,"[ 1.7]",1,11,21,31,41,51,61,71,76,1,0.419649582673,1,1.50034417973,48,1.1,"a",0,-23,15,23,8,-4,8,4
"neutral",0,0,1,9,1,2,0,2,2,1,1,171,6,91,36,36,91,35,1.09984427032,2.81999054745,21,"[ 1.7]",1,12,22,32,42,52,62,72,77,1,0.639662604715,1,1.73015828662,37,1.2,"a",0,-15,16,15,-1,8,15,23
"cued",1,1,0,9,2,1,2,2,0,1,1,172,6,21,133,21,133,167,0.54989284007,2.15986705138,18,"[ 1.6]",2,13,23,33,43,53,63,73,78,1,0.509683754266,1,1.73019344072,6,1.5,"a",0,-3,12,3,-9,-1,16,15
"neutral",0,0,0,9,1,2,0,1,1,1,1,173,6,108,17,108,17,83,0.789899233912,1.97996095791,115,"[ 1.6]",1,11,21,31,41,51,61,71,76,1,0.379659233526,1,2.17013535533,128,1.3,"a",0,7,13,7,-6,-9,12,3
"neutral",0,0,0,9,1,2,0,1,1,1,1,174,6,155,5,155,5,45,0.87986880608,2.6497954001,168,"[ 1.9]",1,11,21,31,41,51,61,71,76,1,0.319720281484,1,1.47025166434,177,1.4,"a",0,13,9,13,4,-6,13,7
"cued",1,0,0,9,1,2,1,1,0,1,1,175,6,59,147,59,147,156,0.86987963174,NA,62,"[ 1.8]",2,13,23,33,43,53,63,73,78,0,0.479682879921,1,1.41023819761,48,1,"a",0,3,14,3,-11,4,9,13
"cued",1,1,1,9,2,1,1,1,0,1,1,176,6,68,178,178,68,21,1.32982934034,2.49984811623,168,"[ 1.6]",2,14,24,34,44,54,64,74,79,1,0.419729205219,1,1.46021802156,-178,1.1,"a",0,-10,14,10,-4,-11,14,3
"cued",1,0,1,9,1,2,2,2,0,1,1,177,6,124,40,40,124,132,0.409912796786,1.96984228426,27,"[ 1.8]",2,14,24,34,44,54,64,74,79,1,0.849549141083,1,1.71032626315,5,1.4,"a",0,-13,22,13,-9,-4,14,10
"cued",1,0,0,9,1,2,1,1,0,1,1,178,6,177,173,177,173,89,0.499851421322,1.88003946875,174,"[ 1.9]",2,13,23,33,43,53,63,73,78,1,0.599604951982,1,1.47020028526,-175,1.1,"a",0,-3,11,3,-8,-9,22,13
"cued",1,1,0,9,2,1,2,2,0,1,1,179,6,67,173,67,173,14,0.469915146403,2.04993475458,73,"[ 1.5]",2,13,23,33,43,53,63,73,78,1,0.42965828707,1,1.37027669286,65,1.3,"a",0,6,8,6,-2,-8,11,3
"neutral",0,0,1,9,1,2,0,2,2,1,1,180,6,105,79,79,105,5,0.699909831223,2.19996706932,81,"[ 1.7]",1,12,22,32,42,52,62,72,77,1,0.46963181032,1,1.54043278009,71,1.3,"a",0,2,10,2,-8,-2,8,6
"cued",1,1,0,9,2,1,2,2,0,1,1,181,6,23,102,23,102,57,0.43989143691,2.04993805967,15,"[ 1.7]",2,13,23,33,43,53,63,73,78,1,0.479683781306,1,1.79023004306,5,1.2,"a",0,-8,10,8,-2,-8,10,2
"neutral",0,1,1,9,2,1,0,1,1,1,1,182,6,43,170,170,43,86,0.889980869557,NA,160,"[ 1.6]",1,12,22,32,42,52,62,72,77,0,0.389688669831,1,1.25027469779,173,1.4,"a",0,-10,13,10,-3,-2,10,8
"cued",1,0,1,9,1,2,2,2,0,1,1,183,6,116,44,44,116,10,0.419870122105,1.38004292406,39,"[ 1.9]",2,14,24,34,44,54,64,74,79,1,1.06952821087,1,1.75021235183,25,1.2,"a",0,-5,14,5,-9,-3,13,10
"neutral",0,1,1,9,2,1,0,1,1,1,1,184,6,28,131,131,28,84,0.76988452928,1.75000653506,118,"[ 1.6]",1,12,22,32,42,52,62,72,77,1,0.459676287775,1,1.60022390461,131,1.2,"a",0,-13,13,13,0,-9,14,5
"cued",1,1,0,9,2,1,2,2,0,1,1,185,6,61,153,61,153,90,1.06980583816,2.25987026633,66,"[ 1.8]",2,13,23,33,43,53,63,73,78,1,0.389630380118,1,1.37024454338,54,1.2,"a",0,5,12,5,-7,0,13,13
"cued",1,1,1,9,2,1,1,1,0,1,1,186,6,68,35,35,68,150,0.409925716671,1.83012244145,21,"[ 1.5]",2,14,24,34,44,54,64,74,79,1,1.21961040237,1,2.04019045713,12,1,"a",0,-14,9,14,5,-7,12,5
"neutral",0,1,0,9,2,1,0,2,2,1,1,187,6,30,91,30,91,17,1.44980429379,NA,17,"[ 1.9]",1,11,21,31,41,51,61,71,76,0,0.479706015527,1,1.32025330186,8,1.3,"a",0,-13,9,13,4,5,9,14
"neutral",0,1,1,9,2,1,0,1,1,1,1,188,6,158,94,94,158,59,0.429918487544,1.81992023924,108,"[ 1.9]",1,12,22,32,42,52,62,72,77,1,0.339648152472,1,1.25022872703,120,1.5,"a",0,14,12,14,2,4,9,13
"neutral",0,0,0,9,1,2,0,1,1,1,1,189,6,42,108,42,108,86,1.35981759526,2.91987658205,38,"[ 1.9]",1,11,21,31,41,51,61,71,76,1,0.619671636616,1,2.31029898116,27,1.1,"a",0,-4,11,4,-7,2,12,14
"neutral",0,0,1,9,1,2,0,2,2,1,1,190,6,170,168,168,170,95,0.889869998915,NA,162,"[ 1.7]",1,12,22,32,42,52,62,72,77,0,0.979588684946,1,2.53008275036,151,1.1,"a",0,-6,11,6,-5,-7,11,4
"neutral",0,0,0,9,1,2,0,1,1,1,1,191,6,106,122,106,122,154,0.839453603039,NA,9,"[ 1.9]",1,11,21,31,41,51,61,71,76,0,1.57940966942,0,NA,-59,1.3,"a",0,83,68,83,15,-5,11,6
"neutral",0,1,0,9,2,1,0,2,2,1,1,192,6,102,10,102,10,52,1.51980783624,3.00977945155,100,"[ 1.8]",1,11,21,31,41,51,61,71,76,1,0.329589571309,1,1.39015048061,114,1.2,"a",0,-2,14,2,-12,15,68,83
"cued",1,0,1,9,1,2,2,2,0,1,1,193,7,5,18,18,5,13,0.379884279895,1.97004179132,13,"[ 1.8]",2,14,24,34,44,54,64,74,79,1,0.449678700488,1,1.22030867708,1,1.5,"a",0,-5,12,5,-7,-12,14,2
"neutral",0,0,0,9,1,2,0,1,1,1,1,194,7,102,60,102,60,37,0.589902719275,1.71011023066,97,"[ 1.8]",1,11,21,31,41,51,61,71,76,1,0.61964519592,1,1.62014877097,105,1.1,"a",0,-5,8,5,-3,-7,12,5
"neutral",0,0,0,9,1,2,0,1,1,1,1,195,7,106,102,106,102,147,0.539921393018,2.11009815207,106,"[ 1.7]",1,11,21,31,41,51,61,71,76,1,0.349675485541,1,1.46021351462,115,1.3,"a",0,0,9,0,-9,-3,8,5
"neutral",0,1,0,9,2,1,0,2,2,1,1,196,7,71,29,71,29,17,2.04966674208,3.56956531798,59,"[ 1.9]",1,11,21,31,41,51,61,71,76,1,0.399633375728,1,1.56020290829,41,1.4,"a",0,-12,18,12,-6,-9,9,0
"cued",1,0,0,9,1,2,1,1,0,1,1,197,7,98,178,98,178,165,0.339934793641,1.8301116248,117,"[ 1.5]",2,13,23,33,43,53,63,73,78,1,0.489642008015,1,1.8603105039,145,1.1,"a",0,19,28,19,-9,-6,18,12
"neutral",0,1,1,9,2,1,0,1,1,1,1,198,7,107,92,92,107,170,1.08980582014,2.62973262148,91,"[ 1.6]",1,12,22,32,42,52,62,72,77,1,0.429679920366,1,1.81014589555,100,1.3,"a",0,-1,9,1,-8,-9,28,19
"cued",1,1,0,9,2,1,2,2,0,1,1,199,7,54,19,54,19,131,0.359895715495,1.76002996212,42,"[ 1.7]",2,13,23,33,43,53,63,73,78,1,0.649657187378,1,1.76016817484,62,1.2,"a",0,-12,20,12,-8,-8,9,1
"cued",1,0,0,9,1,2,1,1,0,1,1,200,7,130,39,130,39,114,0.349874091215,1.92990181188,122,"[ 1.7]",2,13,23,33,43,53,63,73,78,1,0.399599123009,1,1.24018216437,132,1,"a",0,-8,10,8,-2,-8,20,12
"cued",1,1,1,9,2,1,1,1,0,1,1,201,7,98,163,163,98,50,0.219961042039,1.7801050597,150,"[ 2.]",2,14,24,34,44,54,64,74,79,1,0.37963880208,1,1.1402399433,162,1.4,"a",0,-13,12,13,1,-2,10,8
"cued",1,0,0,9,1,2,1,1,0,1,1,202,7,63,62,63,62,98,0.339910756646,2.03991433215,53,"[ 1.9]",2,13,23,33,43,53,63,73,78,1,0.879574653349,1,2.11036766688,36,1.4,"a",0,-10,17,10,-7,1,12,13
"cued",1,1,0,9,2,1,2,2,0,1,1,203,7,162,90,162,90,1,0.319864202995,2.15008399427,171,"[ 1.7]",2,13,23,33,43,53,63,73,78,1,0.369677570749,1,1.44051279324,-178,1.2,"a",0,9,11,9,-2,-7,17,10
"neutral",0,0,1,9,1,2,0,2,2,1,1,204,7,87,141,141,87,58,0.849821960979,2.28978580934,177,"[ 1.8]",1,12,22,32,42,52,62,72,77,1,0.389649910177,1,1.20029908032,-164,1.4,"a",0,36,19,36,17,-2,11,9
"cued",1,0,1,9,1,2,2,2,0,1,1,205,7,9,103,103,9,21,0.709842518621,2.09983766014,116,"[ 1.5]",2,14,24,34,44,54,64,74,79,1,0.479629097144,1,1.85029038193,133,1.2,"a",0,13,17,13,-4,17,19,36
"cued",1,1,0,9,2,1,2,2,0,1,1,206,7,57,174,57,174,64,0.719861138277,1.92988468552,59,"[ 1.6]",2,13,23,33,43,53,63,73,78,1,0.409720801284,1,1.81024594954,39,1.2,"a",0,2,20,2,-18,-4,17,13
"cued",1,0,1,9,1,2,2,2,0,1,1,207,7,21,13,13,21,18,0.309932717446,1.86999591071,11,"[ 1.9]",2,14,24,34,44,54,64,74,79,1,0.369711222542,1,1.49038144608,2,1.1,"a",0,-2,9,2,-7,-18,20,2
"neutral",0,0,1,9,1,2,0,2,2,1,1,208,7,82,168,168,82,133,0.799852653219,2.5298000152,167,"[ 2.]",1,12,22,32,42,52,62,72,77,1,0.389697683704,1,1.3805449968,-173,1.1,"a",0,-1,20,1,-19,-7,9,2
"neutral",0,1,1,9,2,1,0,1,1,1,1,209,7,178,138,138,178,23,0.51988024769,2.17992592399,127,"[ 1.7]",1,12,22,32,42,52,62,72,77,1,0.609375389662,1,1.53015486135,139,1.1,"a",0,-11,12,11,-1,-19,20,1
"neutral",0,1,0,9,2,1,0,2,2,1,1,210,7,80,73,80,73,88,0.66990565179,2.26992283824,63,"[ 1.9]",1,11,21,31,41,51,61,71,76,1,0.339724169469,1,1.56020741523,48,1.4,"a",0,-17,15,17,2,-1,12,11
"cued",1,1,1,9,2,1,1,1,0,1,1,211,7,29,97,97,29,65,0.78987459599,1.68996272162,100,"[ 1.9]",2,14,24,34,44,54,64,74,79,1,0.359673974213,1,1.70014208869,112,1.2,"a",0,3,12,3,-9,2,15,17
"neutral",0,0,0,9,1,2,0,1,1,1,1,212,7,79,129,79,129,87,0.799855657842,1.5400127336,72,"[ 1.7]",1,11,21,31,41,51,61,71,76,1,0.319686028766,1,1.43019551391,57,1,"a",0,-7,15,7,-8,-9,12,3
"neutral",0,1,0,9,2,1,0,2,2,1,1,213,7,19,92,19,92,76,0.629854308765,1.97011089768,12,"[ 1.6]",1,11,21,31,41,51,61,71,76,1,0.38963068058,1,1.21042616691,-1,1.2,"a",0,-7,13,7,-6,-8,15,7
"cued",1,0,0,9,1,2,1,1,0,1,1,214,7,76,120,76,120,174,0.339929685779,2.16988386826,70,"[ 1.7]",2,13,23,33,43,53,63,73,78,1,0.509687660278,1,1.9401695149,60,1.3,"a",0,-6,10,6,-4,-6,13,7
"cued",1,1,0,9,2,1,2,2,0,1,1,215,7,157,32,157,32,50,0.779880914715,1.97997507964,160,"[ 2.]",2,13,23,33,43,53,63,73,78,1,0.319712168999,1,1.17025493938,171,1.3,"a",0,3,11,3,-8,-4,10,6
"neutral",0,1,0,9,2,1,0,2,2,1,1,216,7,99,19,99,19,41,1.53974261786,2.78997164536,110,"[ 1.8]",1,11,21,31,41,51,61,71,76,1,0.479665152638,1,1.87022726679,126,1.2,"a",0,11,16,11,-5,-8,11,3
"neutral",0,0,0,9,1,2,0,1,1,1,1,217,7,41,79,41,79,56,1.2898404935,2.77993680073,34,"[ 1.8]",1,11,21,31,41,51,61,71,76,1,0.849589403049,1,2.17023060192,17,1.3,"a",0,-7,17,7,-10,-5,16,11
"neutral",0,0,1,9,1,2,0,2,2,1,1,218,7,111,128,128,111,48,1.07987643783,2.69997653388,152,"[ 1.9]",1,12,22,32,42,52,62,72,77,1,0.369680575373,1,1.59022631732,175,1.1,"a",0,24,23,24,1,-10,17,7
"cued",1,1,1,9,2,1,1,1,0,1,1,219,7,173,80,80,173,138,0.529943636249,2.04990110279,73,"[ 1.9]",2,14,24,34,44,54,64,74,79,1,0.629613938814,1,1.67028062892,62,1.1,"a",0,-7,11,7,-4,1,23,24
"neutral",0,1,1,9,2,1,0,1,1,1,1,220,7,99,146,146,99,135,0.899879604698,NA,152,"[ 1.8]",1,12,22,32,42,52,62,72,77,0,0.30963285593,1,1.07022197865,164,1.1,"a",0,6,12,6,-6,-4,11,7
"neutral",0,0,1,9,1,2,0,2,2,1,1,221,7,142,54,54,142,65,1.10978837529,2.64987051571,53,"[ 1.7]",1,12,22,32,42,52,62,72,77,1,0.37965232289,1,1.34041012522,33,1.1,"a",0,-1,20,1,-19,-6,12,6
"cued",1,0,1,9,1,2,2,2,0,1,1,222,7,145,151,151,145,108,0.599849227947,2.39006034187,141,"[ 1.8]",2,14,24,34,44,54,64,74,79,1,0.619712499507,1,1.4503129767,159,1.2,"a",0,-10,18,10,-8,-19,20,1
"cued",1,1,1,9,2,1,1,1,0,1,1,223,7,81,162,162,81,97,0.369923649489,1.78992597507,161,"[ 1.6]",2,14,24,34,44,54,64,74,79,1,0.619645496383,1,1.59026297374,170,1.3,"a",0,-1,9,1,-8,-8,18,10
"neutral",0,1,1,9,2,1,0,1,1,1,1,224,7,56,30,30,56,92,0.989833552821,2.41985870453,34,"[ 1.7]",1,12,22,32,42,52,62,72,77,1,0.449703037946,1,1.30032663272,23,1.4,"a",0,4,11,4,-7,-8,9,1
"neutral",0,1,1,9,2,1,0,1,1,1,1,225,8,6,59,59,6,101,0.739891166495,1.80992806028,67,"[ 1.6]",1,12,22,32,42,52,62,72,77,1,0.309673117896,1,1.14026578307,52,1.3,"a",0,8,15,8,-7,-7,11,4
"neutral",0,1,1,9,2,1,0,1,1,1,1,226,8,67,42,42,67,81,2.36975148451,3.36976680809,42,"[ 1.7]",1,12,22,32,42,52,62,72,77,1,0.479735160387,1,1.13028592307,27,1.4,"a",0,0,15,0,-15,-7,15,8
"neutral",0,1,0,9,2,1,0,2,2,1,1,227,8,154,73,154,73,166,1.06982296453,2.72984550522,168,"[ 1.6]",1,11,21,31,41,51,61,71,76,1,0.459732474252,1,1.17025283614,-180,1.2,"a",0,14,12,14,2,-15,15,0
"neutral",0,1,0,9,2,1,0,2,2,1,1,228,8,147,9,147,9,21,1.05989628638,2.41990798037,162,"[ 1.6]",1,11,21,31,41,51,61,71,76,1,0.409669121746,1,1.43029676976,174,1.3,"a",0,15,12,15,3,2,12,14
"neutral",0,0,0,9,1,2,0,1,1,1,1,229,8,58,45,58,45,28,0.739853909152,1.79995991831,52,"[ 1.6]",1,11,21,31,41,51,61,71,76,1,0.459672381763,1,1.25026448207,33,1.3,"a",0,-6,19,6,-13,3,12,15
"cued",1,0,1,9,1,2,2,2,0,1,1,230,8,4,176,176,4,168,0.509844201209,2.13976881819,173,"[ 1.7]",2,14,24,34,44,54,64,74,79,1,0.309676422983,1,1.20041565974,-176,1.2,"a",0,-3,11,3,-8,-13,19,6
"neutral",0,1,0,9,2,1,0,2,2,1,1,231,8,12,139,12,139,173,0.729938348111,2.14988659045,13,"[ 1.6]",1,11,21,31,41,51,61,71,76,1,0.419703966374,1,1.69038757552,-6,1.4,"a",0,1,19,1,-18,-8,11,3
"cued",1,0,1,9,1,2,2,2,0,1,1,232,8,25,119,119,25,122,0.409873736668,2.01984644566,135,"[ 1.9]",2,14,24,34,44,54,64,74,79,1,0.399657713187,1,1.78014291797,152,1,"a",0,16,17,16,-1,-18,19,1
"cued",1,1,0,9,2,1,2,2,0,1,1,233,8,179,45,179,45,130,1.33976833745,2.97976866195,165,"[ 2.]",2,13,23,33,43,53,63,73,78,1,0.449690718986,1,1.35050686512,179,1.3,"a",0,-14,14,14,0,-1,17,16
"neutral",0,0,1,9,1,2,0,2,2,1,1,234,8,11,51,51,11,137,0.719918526604,2.24992766367,25,"[ 1.6]",1,12,22,32,42,52,62,72,77,1,0.379664942313,1,1.23029274356,7,1.4,"a",0,-26,18,26,8,0,14,14
"cued",1,1,1,9,2,1,1,1,0,1,1,235,8,164,132,132,164,38,0.229936695569,1.72998972719,109,"[ 2.]",2,14,24,34,44,54,64,74,79,1,0.569602575322,1,1.69041882361,127,1.3,"a",0,-23,18,23,5,8,18,26
"neutral",0,0,0,9,1,2,0,1,1,1,1,236,8,43,2,43,2,45,0.939876263557,2.91009021986,53,"[ 1.9]",1,11,21,31,41,51,61,71,76,1,0.499696082241,1,1.56025609015,37,1.3,"a",0,10,16,10,-6,5,18,23
"cued",1,0,0,9,1,2,1,1,0,1,1,237,8,12,17,12,17,74,0.539883234285,1.92994477801,24,"[ 1.8]",2,13,23,33,43,53,63,73,78,1,0.679623508542,1,1.62032664474,9,1.3,"a",0,12,15,12,-3,-6,16,10
"cued",1,0,0,9,1,2,1,1,0,1,1,238,8,164,157,164,157,96,0.559914464353,1.92011274553,161,"[ 1.9]",2,13,23,33,43,53,63,73,78,1,0.529699360286,1,1.33020521885,171,1.2,"a",0,-3,10,3,-7,-3,15,12
"cued",1,0,1,9,1,2,2,2,0,1,1,239,8,77,60,60,77,156,0.379922739088,2.13985655322,56,"[ 2.]",2,14,24,34,44,54,64,74,79,1,0.639671919051,1,1.44019850952,65,1.1,"a",0,-4,9,4,-5,-7,10,3
"cued",1,0,0,9,1,2,1,1,0,1,1,240,8,52,5,52,5,42,0.46986436825,1.59017103224,60,"[ 1.8]",2,13,23,33,43,53,63,73,78,1,0.419720491809,1,1.26022481201,47,1.1,"a",0,8,13,8,-5,-5,9,4
"neutral",0,0,0,9,1,2,0,1,1,1,1,241,8,35,85,35,85,41,0.949871146682,2.37988007342,17,"[ 1.9]",1,11,21,31,41,51,61,71,76,1,0.279705895344,1,1.11028954664,5,1.2,"a",0,-18,12,18,6,-5,13,8
"cued",1,0,0,9,1,2,1,1,0,1,1,242,8,121,89,121,89,81,0.569926173373,1.70993055412,115,"[ 1.5]",2,13,23,33,43,53,63,73,78,1,0.359662256178,1,1.47020569358,129,1.4,"a",0,-6,14,6,-8,6,12,18
"neutral",0,0,0,9,1,2,0,1,1,1,1,243,8,52,118,52,118,19,1.0798214532,2.17985801948,45,"[ 1.5]",1,11,21,31,41,51,61,71,76,1,0.299702872691,1,1.48022401278,18,1.4,"a",0,-7,27,7,-20,-8,14,6
"neutral",0,0,1,9,1,2,0,2,2,1,1,244,8,178,108,108,178,84,0.749885749156,2.42985659228,110,"[ 1.8]",1,12,22,32,42,52,62,72,77,1,0.30968213177,1,1.72015589193,119,1.3,"a",0,2,9,2,-7,-20,27,7
"neutral",0,1,1,9,2,1,0,1,1,1,1,245,8,158,135,135,158,140,1.08981904049,2.23993398239,118,"[ 2.]",1,12,22,32,42,52,62,72,77,1,0.339685409814,1,1.09050379439,132,1.2,"a",0,-17,14,17,3,-7,9,2
"neutral",0,1,0,9,2,1,0,2,2,1,1,246,8,138,18,138,18,0,0.769816324304,2.71977730926,131,"[ 1.9]",1,11,21,31,41,51,61,71,76,1,0.279714007829,1,1.03028090534,152,1.5,"a",0,-7,21,7,-14,3,14,17
"cued",1,1,0,9,2,1,2,2,0,1,1,247,8,86,24,86,24,103,0.619927330154,2.38986113527,76,"[ 1.9]",2,13,23,33,43,53,63,73,78,1,0.479664852175,1,2.40016068732,63,1.1,"a",0,-10,13,10,-3,-14,21,7
"neutral",0,1,1,9,2,1,0,1,1,1,1,248,8,3,179,179,3,88,0.899830328859,2.66978847144,174,"[ 1.8]",1,12,22,32,42,52,62,72,77,1,0.449631227422,1,1.3802250043,-176,1.2,"a",0,-5,10,5,-5,-3,13,10
"neutral",0,0,1,9,1,2,0,2,2,1,1,249,8,22,149,149,22,79,0.72940412589,NA,162,"[ 1.8]",1,12,22,32,42,52,62,72,77,0,0.429634550537,1,1.31028455897,175,1.4,"a",0,13,13,13,0,-5,10,5
"cued",1,0,1,9,1,2,2,2,0,1,1,250,8,5,144,144,5,73,0.379830497119,1.80988359184,139,"[ 1.9]",2,14,24,34,44,54,64,74,79,1,0.499673547556,1,1.64031430775,152,1,"a",0,-5,13,5,-8,0,13,13
"cued",1,1,1,9,2,1,1,1,0,1,1,251,8,17,140,140,17,143,0.349963328559,2.04993205042,122,"[ 1.5]",2,14,24,34,44,54,64,74,79,1,0.309709173389,1,1.36026438291,143,1.5,"a",0,-18,21,18,-3,-8,13,5
"cued",1,1,1,9,2,1,1,1,0,1,1,252,8,92,120,120,92,159,0.389842206139,1.54994121452,123,"[ 1.7]",2,14,24,34,44,54,64,74,79,1,0.289682149796,1,1.12056205706,134,1.4,"a",0,3,11,3,-8,-3,21,18
"neutral",0,0,1,9,1,2,0,2,2,1,1,253,8,39,5,5,39,90,0.929817682396,2.40981003863,18,"[ 1.5]",1,12,22,32,42,52,62,72,77,1,0.669599480561,1,1.6804750191,5,1.4,"a",0,13,13,13,0,-8,11,3
"cued",1,1,1,9,2,1,1,1,0,1,1,254,8,129,125,125,129,144,0.369944681861,2.26014338669,126,"[ 1.6]",2,14,24,34,44,54,64,74,79,1,0.359668866351,1,1.26030984288,146,1.4,"a",0,1,20,1,-19,0,13,13
"cued",1,1,0,9,2,1,2,2,0,1,1,255,8,39,96,39,96,132,0.359952803359,1.70994768048,22,"[ 1.6]",2,13,23,33,43,53,63,73,78,1,0.419705468687,1,1.99017728186,9,1.2,"a",0,-17,13,17,4,-19,20,1
"cued",1,1,0,9,2,1,2,2,0,1,1,256,8,64,147,64,147,128,1.65975332634,3.00972266415,57,"[ 1.9]",2,13,23,33,43,53,63,73,78,1,0.499724626172,1,1.47021380607,45,1.1,"a",0,-7,12,7,-5,4,13,17
"cued",1,0,1,9,1,2,2,2,0,1,1,1,1,31,121,121,31,84,0.649833558831,2.00013010024,110,"[ 1.5]",2,14,24,34,44,54,64,74,79,1,0.599514212323,1,1.72999783967,122,1.3,"b",0,-11,12,11,-1,NA,NA,NA
"neutral",0,0,1,9,1,2,0,2,2,1,1,2,1,111,140,140,111,59,0.789834634486,2.31987411826,149,"[ 1.7]",1,12,22,32,42,52,62,72,77,1,0.419616531804,1,1.61022720068,167,1.2,"b",0,9,18,9,-9,-1,12,11
"cued",1,0,0,9,1,2,1,1,0,1,1,3,1,101,117,101,117,18,0.469929268136,2.09986980962,104,"[ 1.7]",2,13,23,33,43,53,63,73,78,1,0.479598750437,1,1.35019107909,114,1.1,"b",0,3,10,3,-7,-9,18,9
"neutral",0,0,1,9,1,2,0,2,2,1,1,4,1,38,129,129,38,48,0.739888462331,2.43988482674,134,"[ 1.7]",1,12,22,32,42,52,62,72,77,1,0.349606379179,1,1.53043158726,151,1.1,"b",0,5,17,5,-12,-7,10,3
"neutral",0,1,1,9,2,1,0,1,1,1,1,5,1,100,126,126,100,81,0.739858115625,2.07017029911,123,"[ 1.8]",1,12,22,32,42,52,62,72,77,1,0.349661363805,1,1.33028153631,136,1.1,"b",0,-3,13,3,-10,-12,17,5
"neutral",0,1,1,9,2,1,0,1,1,1,1,6,1,98,139,139,98,170,0.769825338177,1.82986945207,150,"[ 1.6]",1,12,22,32,42,52,62,72,77,1,0.109691325919,1,1.24049915225,172,1.2,"b",0,11,22,11,-11,-10,13,3
"cued",1,0,0,9,1,2,1,1,0,1,1,7,1,119,67,119,67,103,1.90969330897,3.24964402712,123,"[ 1.9]",2,13,23,33,43,53,63,73,78,1,0.289710393266,1,1.85031231568,145,1.1,"b",1,4,22,4,-18,-11,22,11
"cued",1,1,1,9,2,1,1,1,0,1,1,8,1,147,159,159,147,149,0.209881128045,1.51998841417,154,"[ 2.]",2,14,24,34,44,54,64,74,79,1,0.339723869007,1,1.36034100083,166,1.3,"b",0,-5,12,5,-7,-18,22,4
"cued",1,0,1,9,1,2,2,2,0,1,1,9,1,151,44,44,151,40,0.419845784647,1.58988769615,23,"[ 1.8]",2,14,24,34,44,54,64,74,79,1,0.299680638469,1,1.40055459357,11,1.2,"b",0,-21,12,21,9,-7,12,5
"cued",1,0,1,9,1,2,2,2,0,1,1,10,1,116,6,6,116,165,0.399924824298,2.2199685536,12,"[ 2.]",2,14,24,34,44,54,64,74,79,1,0.399684754806,1,1.21025129777,-1,1.1,"b",0,6,13,6,-7,9,12,21
"cued",1,0,0,9,1,2,1,1,0,1,1,11,1,36,12,36,12,101,0.399899885913,1.7798938346,33,"[ 1.6]",2,13,23,33,43,53,63,73,78,1,0.339744901379,1,1.22056256785,21,1.3,"b",0,-3,12,3,-9,-7,13,6
"cued",1,1,0,9,2,1,2,2,0,1,1,12,1,72,57,72,57,66,0.549931599724,2.30991739386,54,"[ 1.7]",2,13,23,33,43,53,63,73,78,1,0.299680037546,1,1.20027083684,42,1.3,"b",0,-18,12,18,6,-9,12,3
"neutral",0,0,0,9,1,2,0,1,1,1,1,13,1,177,70,177,70,153,0.689856958845,2.21984866909,169,"[ 1.6]",1,11,21,31,41,51,61,71,76,1,0.299709783329,1,1.20032612193,178,1.4,"b",0,-8,9,8,-1,6,12,18
"cued",1,0,0,9,1,2,1,1,0,1,1,14,1,154,117,154,117,75,0.369902617118,2.25009051431,164,"[ 1.8]",2,13,23,33,43,53,63,73,78,1,0.389656219888,1,1.3701691273,177,1,"b",0,10,13,10,-3,-1,9,8
"cued",1,1,1,9,2,1,1,1,0,1,1,15,1,82,150,150,82,39,1.10980009332,2.39979832961,153,"[ 2.]",2,14,24,34,44,54,64,74,79,1,0.379693486244,1,1.31022476694,-176,1.4,"b",0,3,31,3,-28,-3,13,10
"neutral",0,1,0,9,2,1,0,2,2,1,1,16,1,13,121,13,121,142,0.769831948352,2.37008559874,10,"[ 1.8]",1,11,21,31,41,51,61,71,76,1,0.329698639176,1,1.10053262977,1,1.4,"b",0,-3,9,3,-6,-28,31,3
"neutral",0,0,0,9,1,2,0,1,1,1,1,17,1,74,140,74,140,80,0.819824091259,2.03998373897,66,"[ 1.6]",1,11,21,31,41,51,61,71,76,1,0.409620146367,1,1.21024889407,55,1.4,"b",0,-8,11,8,-3,-6,9,3
"neutral",0,0,0,9,1,2,0,1,1,1,1,18,1,170,19,170,19,102,0.899812601576,2.22998717326,165,"[ 1.6]",1,11,21,31,41,51,61,71,76,1,0.32964365455,1,1.08034275553,176,1.4,"b",0,-5,11,5,-6,-3,11,8
"neutral",0,0,1,9,1,2,0,2,2,1,1,19,1,90,143,143,90,21,1.09982083425,2.97972449397,176,"[ 1.9]",1,12,22,32,42,52,62,72,77,1,0.399670332608,1,1.72022620014,-174,1.2,"b",0,33,10,33,23,-6,11,5
"neutral",0,1,0,9,2,1,0,2,2,1,1,20,1,1,3,1,3,179,0.889856177642,2.53984147001,5,"[ 1.8]",1,11,21,31,41,51,61,71,76,1,0.459581341644,1,1.36019437516,-6,1,"b",0,4,11,4,-7,23,10,33
"neutral",0,1,0,9,2,1,0,2,2,1,1,21,1,7,22,7,22,131,0.819776017268,NA,177,"[ 1.6]",1,11,21,31,41,51,61,71,76,0,0.629612436502,1,1.57039519525,-173,1.3,"b",0,-10,10,10,0,-7,11,4
"neutral",0,0,1,9,1,2,0,2,2,1,1,22,1,154,105,105,154,5,0.999788474441,2.63973772032,121,"[ 1.7]",1,12,22,32,42,52,62,72,77,1,0.319637654313,1,1.07026163969,133,1.4,"b",0,16,12,16,4,0,10,10
"cued",1,1,1,9,2,1,1,1,0,1,1,23,1,9,107,107,9,19,0.39989087204,1.68994349203,105,"[ 1.9]",2,14,24,34,44,54,64,74,79,1,0.389634586592,1,1.80020779982,118,1.2,"b",0,-2,13,2,-11,4,12,16
"cued",1,1,0,9,2,1,2,2,0,1,1,24,1,79,81,79,81,133,0.419852695284,1.51999201972,64,"[ 1.6]",2,13,23,33,43,53,63,73,78,1,0.449544393776,1,1.18046615546,54,1,"b",0,-15,10,15,5,-11,13,2
"cued",1,1,0,9,2,1,2,2,0,1,1,25,1,63,54,63,54,10,1.22976002365,2.85976516456,49,"[ 1.5]",2,13,23,33,43,53,63,73,78,1,0.369656237915,1,1.20030058263,30,1.4,"b",1,-14,19,14,-5,5,10,15
"neutral",0,1,1,9,2,1,0,1,1,1,1,26,1,19,53,53,19,103,1.57983272054,3.19996226192,53,"[ 1.9]",1,12,22,32,42,52,62,72,77,1,0.459672081301,1,1.44051609833,36,1.2,"b",0,0,17,0,-17,-5,19,14
"cued",1,1,1,9,2,1,1,1,0,1,1,27,1,98,14,14,98,14,0.439920882229,NA,16,"[ 1.7]",2,14,24,34,44,54,64,74,79,0,0.369704311906,1,1.38019315529,1,1.1,"b",0,2,15,2,-13,-17,17,0
"cued",1,1,0,9,2,1,2,2,0,1,1,28,1,23,93,23,93,108,0.409876741292,1.97007664496,14,"[ 1.7]",2,13,23,33,43,53,63,73,78,1,0.409664915273,1,1.64018661121,0,1.5,"b",0,-9,14,9,-5,-13,15,2
"neutral",0,1,1,9,2,1,0,1,1,1,1,29,1,127,136,136,127,177,0.619904495008,1.87998959198,133,"[ 1.7]",1,12,22,32,42,52,62,72,77,1,0.449654062568,1,1.24032007663,148,1.3,"b",0,-3,15,3,-12,-5,14,9
"neutral",0,1,0,9,2,1,0,2,2,1,1,30,1,61,67,61,67,27,0.66989844069,2.57006528748,58,"[ 1.8]",1,11,21,31,41,51,61,71,76,1,0.499695180853,1,1.67013190001,45,1.2,"b",0,-3,13,3,-10,-12,15,3
"cued",1,0,1,9,1,2,2,2,0,1,1,31,1,54,43,43,54,140,0.129950306518,1.96014816404,46,"[ 1.8]",2,14,24,34,44,54,64,74,79,1,0.529674121441,1,1.410239099,32,1,"b",0,3,14,3,-11,-10,13,3
"neutral",0,0,0,9,1,2,0,1,1,1,1,32,1,98,140,98,140,110,0.769931401421,1.80996862271,95,"[ 1.9]",1,11,21,31,41,51,61,71,76,1,0.319705859289,1,1.37023643089,108,1.4,"b",0,-3,13,3,-10,-11,14,3
"neutral",0,0,0,9,1,2,0,1,1,1,1,33,2,158,21,158,21,120,0.809826804434,2.26987806934,160,"[ 1.8]",1,11,21,31,41,51,61,71,76,1,0.419688943253,1,1.13046890469,177,1.3,"b",0,2,17,2,-15,-10,13,3
"neutral",0,1,1,9,2,1,0,1,1,1,1,34,2,49,116,116,49,130,0.72990740048,1.79994098918,111,"[ 1.9]",1,12,22,32,42,52,62,72,77,1,0.329713662297,1,1.64053304441,120,1.4,"b",0,-5,9,5,-4,-15,17,2
"neutral",0,0,1,9,1,2,0,2,2,1,1,35,2,113,67,67,113,167,1.59975428182,NA,70,"[ 1.8]",1,12,22,32,42,52,62,72,77,0,0.419651084985,1,2.20018250089,23,1.1,"b",0,3,47,3,-44,-4,9,5
"neutral",0,1,0,9,2,1,0,2,2,1,1,36,2,161,18,161,18,122,1.03979865411,2.35989060763,165,"[ 1.9]",1,11,21,31,41,51,61,71,76,1,0.519666618893,1,1.49026186203,176,1.2,"b",0,4,11,4,-7,-44,47,3
"neutral",0,1,1,9,2,1,0,1,1,1,1,37,2,162,84,84,162,66,0.919851343202,1.88011368297,82,"[ 1.9]",1,12,22,32,42,52,62,72,77,1,0.369678772598,1,1.25048772566,68,1.4,"b",0,-2,14,2,-12,-7,11,4
"cued",1,0,0,9,1,2,1,1,0,1,1,38,2,169,162,169,162,87,0.529905477521,1.94988226379,165,"[ 1.8]",2,13,23,33,43,53,63,73,78,1,0.399713899662,1,1.30026684069,174,1.2,"b",0,-4,9,4,-5,-12,14,2
"neutral",0,1,0,9,2,1,0,2,2,1,1,39,2,150,112,150,112,4,0.769897449165,2.17993974526,161,"[ 1.9]",1,11,21,31,41,51,61,71,76,1,0.309727201135,1,1.39024001841,177,1.4,"b",0,11,16,11,-5,-5,9,4
"neutral",0,1,0,9,2,1,0,2,2,1,1,40,2,75,93,75,93,22,0.839895883753,2.73985120499,55,"[ 1.5]",1,11,21,31,41,51,61,71,76,1,0.459700625232,1,1.44035024306,40,1.1,"b",0,-20,15,20,5,-5,16,11
"cued",1,1,1,9,2,1,1,1,0,1,1,41,2,15,95,95,15,126,0.419900468813,1.7301360524,94,"[ 1.6]",2,14,24,34,44,54,64,74,79,1,0.439615612389,1,1.13045658573,80,1.1,"b",0,-1,14,1,-13,5,15,20
"neutral",0,1,1,9,2,1,0,1,1,1,1,42,2,171,85,85,171,105,1.44985507194,2.77986949714,83,"[ 2.]",1,12,22,32,42,52,62,72,77,1,0.549689727459,1,1.820198167,72,1.1,"b",0,-2,11,2,-9,-13,14,1
"cued",1,0,0,9,1,2,1,1,0,1,1,43,2,113,103,113,103,124,1.74974182765,2.66981310936,106,"[ 1.6]",2,13,23,33,43,53,63,73,78,1,0.329668292468,1,1.31029747885,114,1.1,"b",1,-7,8,7,-1,-9,11,2
"cued",1,1,1,9,2,1,1,1,0,1,1,44,2,5,101,101,5,29,0.539852286654,1.77985176986,114,"[ 1.9]",2,14,24,34,44,54,64,74,79,1,0.39965320625,1,1.3004155696,129,1.3,"b",0,13,15,13,-2,-1,8,7
"neutral",0,0,1,9,1,2,0,2,2,1,1,45,2,73,78,78,73,44,0.669885520805,1.87993130227,75,"[ 1.6]",1,12,22,32,42,52,62,72,77,1,0.409674830531,1,1.50027116735,65,1.4,"b",0,-3,10,3,-7,-2,15,13
"cued",1,1,1,9,2,1,1,1,0,1,1,46,2,179,52,52,179,139,0.419962664537,1.75995935344,49,"[ 1.6]",2,14,24,34,44,54,64,74,79,1,0.389714209139,1,1.14042592955,28,1.2,"b",0,-3,21,3,-18,-7,10,3
"cued",1,0,1,9,1,2,2,2,0,1,1,47,2,163,111,111,163,31,0.369908325905,1.7399335317,112,"[ 1.6]",2,14,24,34,44,54,64,74,79,1,0.35963912057,1,1.27024132843,124,1.1,"b",0,1,12,1,-11,-18,21,3
"cued",1,1,0,9,2,1,2,2,0,1,1,48,2,99,174,99,174,104,0.389932044409,1.32995463317,99,"[ 1.9]",2,13,23,33,43,53,63,73,78,1,0.339652659408,1,1.82016271243,109,1.5,"b",0,0,10,0,-10,-11,12,1
"cued",1,1,0,9,2,1,2,2,0,1,1,49,2,142,17,142,17,78,0.379815774459,1.65985999051,167,"[ 1.7]",2,13,23,33,43,53,63,73,78,1,0.359668866353,1,1.43026732444,-173,1.4,"b",0,25,20,25,5,-10,10,0
"neutral",0,0,0,9,1,2,0,1,1,1,1,50,2,21,69,21,69,113,0.929846827252,2.39987224337,8,"[ 1.7]",1,11,21,31,41,51,61,71,76,1,0.489596337724,1,1.50015548932,-8,1.5,"b",0,-13,16,13,-3,5,20,25
"cued",1,0,0,9,1,2,1,1,0,1,1,51,2,156,27,156,27,88,0.529900970583,1.86984447763,157,"[ 1.9]",2,13,23,33,43,53,63,73,78,1,0.349579337559,1,1.11036406133,177,1.1,"b",0,1,20,1,-19,-3,16,13
"cued",1,1,0,9,2,1,2,2,0,1,1,52,2,147,132,147,132,150,1.09984396985,2.57986577141,160,"[ 1.9]",2,13,23,33,43,53,63,73,78,1,0.319644264488,1,1.11041904595,170,1.1,"b",0,13,10,13,3,-19,20,1
"neutral",0,1,0,9,2,1,0,2,2,1,1,53,2,60,152,60,152,119,0.639793305878,1.88007282008,37,"[ 1.7]",1,11,21,31,41,51,61,71,76,1,0.329658076746,1,1.10021714421,23,1.3,"b",0,-23,14,23,9,3,10,13
"cued",1,0,1,9,1,2,2,2,0,1,1,54,2,145,57,57,145,4,0.509855017857,2.14989650571,48,"[ 1.7]",2,14,24,34,44,54,64,74,79,1,0.319653879285,1,1.14024384931,33,1.3,"b",0,-9,15,9,-6,9,14,23
"cued",1,1,1,9,2,1,1,1,0,1,1,55,2,172,44,44,172,40,0.48987156132,1.64982063894,44,"[ 1.7]",2,14,24,34,44,54,64,74,79,1,0.389618662082,1,1.27026025756,30,1,"b",0,0,14,0,-14,-6,15,9
"cued",1,0,1,9,1,2,2,2,0,1,1,56,2,67,79,79,67,17,0.359859059079,1.50004552006,66,"[ 1.7]",2,14,24,34,44,54,64,74,79,1,0.489679265356,1,1.44023576687,53,1.2,"b",0,-13,13,13,0,-14,14,0
"neutral",0,0,0,9,1,2,0,1,1,1,1,57,2,174,100,174,100,111,0.689911643009,2.00001652543,172,"[ 1.8]",1,11,21,31,41,51,61,71,76,1,0.319632546452,1,1.06019404465,-179,1.4,"b",0,-2,9,2,-7,0,13,13
"neutral",0,0,1,9,1,2,0,2,2,1,1,58,2,161,134,134,161,158,0.48987997427,1.75005941645,150,"[ 1.7]",1,12,22,32,42,52,62,72,77,1,0.429688032851,1,1.42027123946,162,1.3,"b",0,16,12,16,4,-7,9,2
"neutral",0,0,1,9,1,2,0,2,2,1,1,59,2,81,80,80,81,25,0.539879929198,2.01994619919,71,"[ 1.6]",1,12,22,32,42,52,62,72,77,1,0.539681623988,1,1.55028043662,56,1.1,"b",0,-9,15,9,-6,4,12,16
"cued",1,0,0,9,1,2,1,1,0,1,1,60,2,44,130,44,130,160,0.549874211398,1.94991591559,33,"[ 1.7]",2,13,23,33,43,53,63,73,78,1,0.459747797835,1,1.17034988551,17,1,"b",0,-11,16,11,-5,-6,15,9
"neutral",0,0,0,9,1,2,0,1,1,1,1,61,2,64,135,64,135,151,1.41976496025,2.8697663574,37,"[ 1.9]",1,11,21,31,41,51,61,71,76,1,0.489615266857,1,1.36048191772,23,1.3,"b",0,-27,14,27,13,-5,16,11
"neutral",0,1,1,9,2,1,0,1,1,1,1,62,2,174,77,77,174,79,1.03980376197,2.41984788788,73,"[ 1.5]",1,12,22,32,42,52,62,72,77,1,0.309687840556,1,1.26054931144,58,1.2,"b",0,-4,15,4,-11,13,14,27
"cued",1,0,1,9,1,2,2,2,0,1,1,63,2,59,128,128,59,145,0.849826768379,2.56974920099,109,"[ 1.9]",2,14,24,34,44,54,64,74,79,1,0.329721774784,1,1.15054069719,128,1.5,"b",0,-19,19,19,0,-11,15,4
"cued",1,1,0,9,2,1,2,2,0,1,1,64,2,54,19,54,19,173,0.509916312198,2.06014687205,37,"[ 1.5]",2,13,23,33,43,53,63,73,78,1,0.529650084445,1,1.67031578302,14,1.2,"b",0,-17,23,17,-6,0,19,19
"neutral",0,0,1,9,1,2,0,2,2,1,1,65,3,41,90,90,41,109,0.709895099548,2.39996568719,93,"[ 1.5]",1,12,22,32,42,52,62,72,77,1,0.509660919121,1,1.4504602033,101,1,"b",0,3,8,3,-5,-6,23,17
"neutral",0,1,1,9,2,1,0,1,1,1,1,66,3,162,51,51,162,172,0.72987164545,1.93991892922,66,"[ 1.5]",1,12,22,32,42,52,62,72,77,1,0.359675476526,1,1.17024532458,48,1.2,"b",0,15,18,15,-3,-5,8,3
"neutral",0,0,0,9,1,2,0,1,1,1,1,67,3,145,26,145,26,74,0.989841665307,2.31989575155,155,"[ 1.7]",1,11,21,31,41,51,61,71,76,1,0.349645739758,1,1.56039219963,-172,1.3,"b",0,10,33,10,-23,-3,18,15
"cued",1,1,1,9,2,1,1,1,0,1,1,68,3,41,39,39,41,118,0.519934030466,1.84994965752,33,"[ 1.9]",2,14,24,34,44,54,64,74,79,1,0.42964236256,1,1.48021439798,10,1.2,"b",0,-6,23,6,-17,-23,33,10
"neutral",0,1,1,9,2,1,0,1,1,1,1,69,3,83,69,69,83,58,1.04986114128,2.08006482778,83,"[ 1.7]",1,12,22,32,42,52,62,72,77,1,0.279660225053,1,1.25045677803,73,1.3,"b",0,14,10,14,4,-17,23,6
"cued",1,1,0,9,2,1,2,2,0,1,1,70,3,18,37,18,37,169,0.719901400245,1.91990662829,9,"[ 1.7]",2,13,23,33,43,53,63,73,78,1,0.44964324592,1,1.44043196884,-5,1,"b",0,-9,14,9,-5,4,10,14
"cued",1,1,0,9,2,1,2,2,0,1,1,71,3,138,6,138,6,80,0.569853761925,2.2198309418,148,"[ 1.7]",2,13,23,33,43,53,63,73,78,1,0.449697329159,1,1.41047015461,162,1,"b",0,10,14,10,-4,-5,14,9
"neutral",0,1,1,9,2,1,0,1,1,1,1,72,3,39,139,139,39,175,1.12983943587,2.34017065666,136,"[ 1.8]",1,12,22,32,42,52,62,72,77,1,0.289665624363,1,1.19045833442,155,1.4,"b",0,-3,19,3,-16,-4,14,10
"cued",1,0,1,9,1,2,2,2,0,1,1,73,3,52,25,25,52,174,0.609935151191,1.80998094167,21,"[ 1.6]",2,14,24,34,44,54,64,74,79,1,0.389589216762,1,1.1804682587,6,1.4,"b",0,-4,15,4,-11,-16,19,3
"neutral",0,0,1,9,1,2,0,2,2,1,1,74,3,24,169,169,24,117,1.00982301861,2.19989976573,174,"[ 1.8]",1,12,22,32,42,52,62,72,77,1,0.469712033791,1,1.3505414183,-171,1.4,"b",0,5,15,5,-10,-11,15,4
"cued",1,1,0,9,2,1,2,2,0,1,1,75,3,53,48,53,48,45,0.519912998096,1.7599884983,57,"[ 1.7]",2,13,23,33,43,53,63,73,78,1,0.359697710746,1,1.25031946669,27,1.2,"b",0,4,30,4,-26,-10,15,5
"neutral",0,0,0,9,1,2,0,1,1,1,1,76,3,2,131,2,131,95,0.869876326655,2.42008735645,2,"[ 1.9]",1,11,21,31,41,51,61,71,76,1,0.299601616847,1,1.60020828056,-13,1.4,"b",0,0,15,0,-15,-26,30,4
"cued",1,1,1,9,2,1,1,1,0,1,1,77,3,106,108,108,106,12,0.399891472965,1.5099346404,117,"[ 1.9]",2,14,24,34,44,54,64,74,79,1,0.359705823232,1,1.26025996611,133,1.3,"b",0,9,16,9,-7,-15,15,0
"neutral",0,0,0,9,1,2,0,1,1,1,1,78,3,11,151,11,151,125,0.939796641011,2.44978806882,6,"[ 1.5]",1,11,21,31,41,51,61,71,76,1,0.319691737554,1,1.14052568308,-6,1.2,"b",0,-5,12,5,-7,-7,16,9
"neutral",0,0,0,9,1,2,0,1,1,1,1,79,3,127,48,127,48,170,1.31979239247,2.38977039562,118,"[ 1.6]",1,11,21,31,41,51,61,71,76,1,0.359607872477,1,1.08035868004,133,1.1,"b",0,-9,15,9,-6,-7,12,5
"cued",1,1,1,9,2,1,1,1,0,1,1,80,3,65,15,15,65,167,0.449901343158,1.91011996564,17,"[ 1.5]",2,14,24,34,44,54,64,74,79,1,0.319654780673,1,1.03035872511,-3,1.3,"b",0,2,20,2,-18,-6,15,9
"neutral",0,1,0,9,2,1,0,2,2,1,1,81,3,16,149,16,149,165,0.799886605475,2.26991322344,4,"[ 1.6]",1,11,21,31,41,51,61,71,76,1,0.549631738208,1,1.38026797043,-9,1.2,"b",0,-12,13,12,-1,-18,20,2
"neutral",0,1,0,9,2,1,0,2,2,1,1,82,3,174,96,174,96,79,0.849838486414,2.10983644928,174,"[ 1.8]",1,11,21,31,41,51,61,71,76,1,0.519727913232,1,1.15025856295,-175,1.5,"b",0,0,11,0,-11,-1,13,12
"cued",1,1,1,9,2,1,1,1,0,1,1,83,3,49,110,110,49,60,1.0798190495,2.45998606455,117,"[ 1.8]",2,14,24,34,44,54,64,74,79,1,0.349717850744,1,1.11054974712,131,1,"b",0,7,14,7,-7,-11,11,0
"cued",1,0,0,9,1,2,1,1,0,1,1,84,3,143,54,143,54,74,0.739909194241,1.93010943143,120,"[ 1.9]",2,13,23,33,43,53,63,73,78,1,0.499681960506,1,1.57015422437,135,1,"b",0,-23,15,23,8,-7,14,7
"cued",1,1,0,9,2,1,2,2,0,1,1,85,3,56,69,56,69,68,0.55988081256,2.18001846642,25,"[ 1.7]",2,13,23,33,43,53,63,73,78,1,0.429705159211,1,1.22023987119,10,1.2,"b",0,-31,15,31,16,8,15,23
"neutral",0,0,1,9,1,2,0,2,2,1,1,86,3,166,119,119,166,162,0.959854612232,2.12994429727,119,"[ 2.]",1,12,22,32,42,52,62,72,77,1,0.489720428712,1,1.24022302726,139,1.2,"b",0,0,20,0,-20,16,15,31
"cued",1,0,1,9,1,2,2,2,0,1,1,87,3,45,136,136,45,12,0.519906087458,1.87995053186,148,"[ 1.6]",2,14,24,34,44,54,64,74,79,1,0.439645358172,1,1.3902240939,166,1.4,"b",0,12,18,12,-6,-20,20,0
"neutral",0,1,1,9,2,1,0,1,1,1,1,88,3,45,9,9,45,89,0.889900946548,2.16993825196,8,"[ 1.9]",1,12,22,32,42,52,62,72,77,1,0.369675167049,1,1.26036092149,-6,1.1,"b",0,-1,14,1,-13,-6,18,12
"neutral",0,1,0,9,2,1,0,2,2,1,1,89,3,144,168,144,168,120,1.05979503053,2.48984962756,145,"[ 1.6]",1,11,21,31,41,51,61,71,76,1,0.269671351176,1,1.07031091553,164,1.4,"b",0,1,19,1,-18,-13,14,1
"cued",1,0,1,9,1,2,2,2,0,1,1,90,3,107,11,11,107,19,0.409927218981,1.71995338025,9,"[ 1.7]",2,14,24,34,44,54,64,74,79,1,0.459707535869,1,1.28026415456,-3,1.5,"b",0,-2,12,2,-10,-18,19,1
"neutral",0,1,0,9,2,1,0,2,2,1,1,91,3,36,173,36,173,36,0.859826158441,2.45008462525,27,"[ 1.7]",1,11,21,31,41,51,61,71,76,1,0.289655108178,1,0.990345841285,11,1.4,"b",0,-9,16,9,-7,-10,12,2
"cued",1,0,1,9,1,2,2,2,0,1,1,92,3,50,130,130,50,52,0.409914900023,1.54994451961,111,"[ 1.9]",2,14,24,34,44,54,64,74,79,1,0.329669494318,1,1.30028607029,130,1.5,"b",0,-19,19,19,0,-7,16,9
"cued",1,0,0,9,1,2,1,1,0,1,1,93,3,63,53,63,53,31,0.50987394699,1.59000187188,60,"[ 1.8]",2,13,23,33,43,53,63,73,78,1,0.559644348617,1,1.18022728782,47,1.4,"b",0,-3,13,3,-10,0,19,19
"cued",1,0,0,9,1,2,1,1,0,1,1,94,3,109,153,109,153,54,0.479949690569,1.50992472514,101,"[ 1.6]",2,13,23,33,43,53,63,73,78,1,0.329670996631,1,1.17049801349,117,1.5,"b",0,-8,16,8,-8,-10,13,3
"neutral",0,0,1,9,1,2,0,2,2,1,1,95,3,20,42,42,20,135,0.679975049599,2.07989837158,25,"[ 1.5]",1,12,22,32,42,52,62,72,77,1,0.519646788372,1,1.25045287202,3,1,"b",0,-17,22,17,-5,-8,16,8
"cued",1,0,0,9,1,2,1,1,0,1,1,96,3,97,50,97,50,14,0.409984006385,1.41019372917,74,"[ 1.7]",2,13,23,33,43,53,63,73,78,1,0.349601271317,1,1.01032929782,62,1.1,"b",0,-23,12,23,11,-5,22,17
"neutral",0,1,0,9,2,1,0,2,2,1,1,97,4,118,172,118,172,56,0.699897512261,1.89990003615,115,"[ 1.5]",1,11,21,31,41,51,61,71,76,1,0.309683333619,1,1.14022762434,129,1.4,"b",0,-3,14,3,-11,11,12,23
"neutral",0,0,1,9,1,2,0,2,2,1,1,98,4,5,147,147,5,39,0.799925665591,2.13009663172,131,"[ 1.6]",1,12,22,32,42,52,62,72,77,1,0.289696571994,1,1.17053466991,155,1.2,"b",0,-16,24,16,-8,-11,14,3
"cued",1,1,0,9,2,1,2,2,0,1,1,99,4,86,23,86,23,4,0.759858398062,2.67004055943,77,"[ 1.9]",2,13,23,33,43,53,63,73,78,1,0.369674265663,1,1.25035582265,60,1,"b",0,-9,17,9,-8,-8,24,16
"cued",1,1,1,9,2,1,1,1,0,1,1,100,4,155,62,62,155,11,0.379925743711,1.56997544921,59,"[ 1.7]",2,14,24,34,44,54,64,74,79,1,0.309755745066,1,1.36027069262,38,1.2,"b",0,-3,21,3,-18,-8,17,9
"cued",1,0,1,9,1,2,2,2,0,1,1,101,4,58,51,51,58,106,0.549918679841,2.08987372465,50,"[ 1.8]",2,14,24,34,44,54,64,74,79,1,0.349657157331,1,1.37019466661,34,1.2,"b",0,-1,16,1,-15,-18,21,3
"neutral",0,1,1,9,2,1,0,1,1,1,1,102,4,82,156,156,82,16,0.51988535555,1.97991979456,162,"[ 1.5]",1,12,22,32,42,52,62,72,77,1,0.309721792812,1,1.10054224457,176,1.1,"b",0,6,14,6,-8,-15,16,1
"cued",1,1,0,9,2,1,2,2,0,1,1,103,4,90,90,90,90,167,0.559909056028,1.8599000722,89,"[ 1.5]",2,13,23,33,43,53,63,73,78,1,0.419655892383,1,1.30034015353,83,1.2,"b",0,-1,6,1,-5,-8,14,6
"neutral",0,1,0,9,2,1,0,2,2,1,1,104,4,49,146,49,146,55,0.639941734324,2.52996526955,65,"[ 1.8]",1,11,21,31,41,51,61,71,76,1,0.269680064586,1,1.12043676422,37,1.4,"b",0,16,28,16,-12,-5,6,1
"cued",1,1,1,9,2,1,1,1,0,1,1,105,4,94,52,52,94,154,0.449865287665,1.60992253177,57,"[ 1.9]",2,14,24,34,44,54,64,74,79,1,0.35976080786,1,1.27050062752,36,1,"b",0,5,21,5,-16,-12,28,16
"cued",1,1,1,9,2,1,1,1,0,1,1,106,4,80,8,8,80,100,0.44990044177,1.82991452144,8,"[ 1.6]",2,14,24,34,44,54,64,74,79,1,0.329720572934,1,1.05024002442,-5,1.4,"b",0,0,13,0,-13,-16,21,5
"neutral",0,1,0,9,2,1,0,2,2,1,1,107,4,73,103,73,103,81,0.779929289169,1.70018775898,56,"[ 1.6]",1,11,21,31,41,51,61,71,76,1,0.349757511787,1,1.26031224658,14,1.3,"b",0,-17,42,17,-25,-13,13,0
"neutral",0,0,0,9,1,2,0,1,1,1,1,108,4,63,6,63,6,76,0.889864290128,2.07993773216,61,"[ 1.6]",1,11,21,31,41,51,61,71,76,1,0.459710840956,1,1.40048668906,44,1.1,"b",0,-2,17,2,-15,-25,42,17
"cued",1,0,1,9,1,2,2,2,0,1,1,109,4,171,60,60,171,176,0.409946749041,1.88996885106,59,"[ 1.5]",2,14,24,34,44,54,64,74,79,1,0.329722375709,1,1.09028235357,45,1.5,"b",0,-1,14,1,-13,-15,17,2
"neutral",0,0,0,9,1,2,0,1,1,1,1,110,4,38,27,38,27,59,0.549873610475,1.75991638731,20,"[ 1.9]",1,11,21,31,41,51,61,71,76,1,0.429735205455,1,1.41033043958,9,1.2,"b",0,-18,11,18,7,-13,14,1
"cued",1,0,1,9,1,2,2,2,0,1,1,111,4,76,97,97,76,18,0.379838309142,1.86989255163,110,"[ 1.7]",2,14,24,34,44,54,64,74,79,1,0.389697082781,1,1.18041087037,129,1.5,"b",0,13,19,13,-6,7,11,18
"cued",1,1,0,9,2,1,2,2,0,1,1,112,4,159,120,159,120,5,0.589927958121,2.01995401122,177,"[ 1.8]",2,13,23,33,43,53,63,73,78,1,0.0997324982873,1,1.12030486121,-173,1.4,"b",0,18,10,18,8,-6,19,13
"neutral",0,1,1,9,2,1,0,1,1,1,1,113,4,64,62,62,64,20,1.8598432848,2.67982151329,57,"[ 1.8]",1,12,22,32,42,52,62,72,77,1,0.319665597321,1,1.16025675117,41,1,"b",1,-5,16,5,-11,8,10,18
"cued",1,0,0,9,1,2,1,1,0,1,1,114,4,135,52,135,52,41,0.529881740988,1.9099186558,123,"[ 1.9]",2,13,23,33,43,53,63,73,78,1,0.30963045223,1,1.28023861525,138,1.4,"b",0,-12,15,12,-3,-11,16,5
"neutral",0,0,1,9,1,2,0,2,2,1,1,115,4,64,138,138,64,125,0.589838720774,1.68995220544,147,"[ 1.8]",1,12,22,32,42,52,62,72,77,1,0.329636142988,1,1.12034031578,162,1.3,"b",0,9,15,9,-6,-3,15,12
"cued",1,0,0,9,1,2,1,1,0,1,1,116,4,56,161,56,161,60,0.7398647258,2.16990309786,45,"[ 1.7]",2,13,23,33,43,53,63,73,78,1,0.349634622647,1,1.48028320388,28,1.3,"b",0,-11,17,11,-6,-6,15,9
"cued",1,0,0,9,1,2,1,1,0,1,1,117,4,166,135,166,135,1,0.319849480336,1.84976427219,165,"[ 1.8]",2,13,23,33,43,53,63,73,78,1,0.239626909777,1,1.21040543501,177,1.2,"b",0,-1,12,1,-11,-6,17,11
"cued",1,0,1,9,1,2,2,2,0,1,1,118,4,70,72,72,70,162,0.529904876596,1.65995193202,61,"[ 2.]",2,14,24,34,44,54,64,74,79,1,0.419600907759,1,1.10030878525,48,1.1,"b",0,-11,13,11,-2,-11,12,1
"cued",1,1,1,9,2,1,1,1,0,1,1,119,4,16,128,128,16,102,0.429950637026,1.86001635117,121,"[ 1.9]",2,14,24,34,44,54,64,74,79,1,0.309651184136,1,1.06024031587,134,1.4,"b",0,-7,13,7,-6,-2,13,11
"cued",1,0,0,9,1,2,1,1,0,1,1,120,4,133,76,133,76,142,0.549909665966,1.65004718763,118,"[ 1.5]",2,13,23,33,43,53,63,73,78,1,0.329636443452,1,1.07043951346,129,1.1,"b",0,-15,11,15,4,-6,13,7
"neutral",0,0,0,9,1,2,0,1,1,1,1,121,4,71,123,71,123,48,0.889803596716,2.25003763292,67,"[ 1.7]",1,11,21,31,41,51,61,71,76,1,0.329627129115,1,1.16044093464,54,1.3,"b",0,-4,13,4,-9,4,11,15
"cued",1,1,0,9,2,1,2,2,0,1,1,122,4,99,174,99,174,34,0.429927801881,1.8201533981,101,"[ 1.7]",2,13,23,33,43,53,63,73,78,1,0.369618079187,1,1.71019826615,114,1.4,"b",0,2,13,2,-11,-9,13,4
"neutral",0,1,1,9,2,1,0,1,1,1,1,123,4,91,114,114,91,87,0.759889646155,1.8200085752,110,"[ 1.6]",1,12,22,32,42,52,62,72,77,1,0.419627949377,1,1.53044871361,126,1.1,"b",0,-4,16,4,-12,-11,13,2
"neutral",0,0,1,9,1,2,0,2,2,1,1,124,4,60,130,130,60,62,0.519915702258,1.89013350448,128,"[ 2.]",1,12,22,32,42,52,62,72,77,1,0.289605231412,1,1.49040247845,147,1.2,"b",0,-2,19,2,-17,-12,16,4
"neutral",0,1,0,9,2,1,0,2,2,1,1,125,4,141,75,141,75,132,0.819922943401,2.5799210565,145,"[ 2.]",1,11,21,31,41,51,61,71,76,1,0.319715173624,1,1.53034505407,162,1.2,"b",0,4,17,4,-13,-17,19,2
"neutral",0,0,0,9,1,2,0,1,1,1,1,126,4,99,112,99,112,127,0.449948215297,1.5100746559,98,"[ 1.8]",1,11,21,31,41,51,61,71,76,1,0.319674310733,1,1.37045847264,109,1.4,"b",0,-1,11,1,-10,-13,17,4
"neutral",0,0,1,9,1,2,0,2,2,1,1,127,4,5,166,166,5,115,0.749880340833,2.05005073308,169,"[ 1.6]",1,12,22,32,42,52,62,72,77,1,0.399681149256,1,1.19034235592,179,1,"b",0,3,10,3,-7,-10,11,1
"neutral",0,1,1,9,2,1,0,1,1,1,1,128,4,52,39,39,52,0,0.689853353297,2.30990567583,28,"[ 1.9]",1,12,22,32,42,52,62,72,77,1,0.559705342492,1,1.54026662436,16,1.1,"b",0,-11,12,11,-1,-7,10,3
"cued",1,0,1,9,1,2,2,2,0,1,1,129,5,122,74,74,122,21,0.499899495313,1.56015333199,77,"[ 2.]",2,14,24,34,44,54,64,74,79,1,0.289704083556,1,1.1702507329,64,1.4,"b",0,3,13,3,-10,-1,12,11
"cued",1,0,1,9,1,2,2,2,0,1,1,130,5,117,133,133,117,2,0.399923021521,1.78016725542,134,"[ 1.8]",2,14,24,34,44,54,64,74,79,1,0.339701334324,1,1.28047447827,147,1.3,"b",0,1,13,1,-12,-10,13,3
"neutral",0,0,1,9,1,2,0,2,2,1,1,131,5,15,8,8,15,84,1.10986258951,2.44986709044,6,"[ 1.9]",1,12,22,32,42,52,62,72,77,1,0.429654080595,1,1.35028422245,-7,1.2,"b",0,-2,13,2,-11,-12,13,1
"cued",1,0,0,9,1,2,1,1,0,1,1,132,5,137,175,137,175,44,0.459917859578,1.45014381635,124,"[ 1.9]",2,13,23,33,43,53,63,73,78,1,0.489702701429,1,1.58024435409,147,1,"b",0,-13,23,13,-10,-11,13,2
"neutral",0,0,0,9,1,2,0,1,1,1,1,133,5,109,156,109,156,78,1.89973207764,3.02978904833,117,"[ 1.7]",1,11,21,31,41,51,61,71,76,1,0.299705276391,1,0.950269559879,137,1.4,"b",1,8,20,8,-12,-10,23,13
"cued",1,1,1,9,2,1,1,1,0,1,1,134,5,166,57,57,166,100,0.399955471465,1.92996971639,77,"[ 1.8]",2,14,24,34,44,54,64,74,79,1,0.319720882409,1,0.98050479493,64,1.3,"b",0,20,13,20,7,-12,20,8
"neutral",0,0,1,9,1,2,0,2,2,1,1,135,5,23,59,59,23,130,1.36973766324,2.88980810365,47,"[ 1.9]",1,12,22,32,42,52,62,72,77,1,0.339750910627,1,1.23027982368,21,1.3,"b",0,-12,26,12,-14,7,13,20
"cued",1,1,0,9,2,1,2,2,0,1,1,136,5,119,32,119,32,112,0.679842846124,2.08000263205,118,"[ 1.7]",2,13,23,33,43,53,63,73,78,1,0.549680713588,1,1.77026641704,142,1.4,"b",0,-1,24,1,-23,-14,26,12
"neutral",0,0,0,9,1,2,0,1,1,1,1,137,5,64,108,64,108,93,0.689892713877,1.6099582868,63,"[ 1.6]",1,11,21,31,41,51,61,71,76,1,0.299713088414,1,1.08028716998,46,1.4,"b",0,-1,17,1,-16,-23,24,1
"neutral",0,0,1,9,1,2,0,2,2,1,1,138,5,104,130,130,104,141,0.829899498318,2.4398803198,126,"[ 1.6]",1,12,22,32,42,52,62,72,77,1,0.319639457088,1,1.13023664722,-170,1.2,"b",0,-4,64,4,-60,-16,17,1
"neutral",0,1,0,9,2,1,0,2,2,1,1,139,5,57,53,57,53,41,0.639820047034,2.26981467176,57,"[ 1.6]",1,11,21,31,41,51,61,71,76,1,0.399657713187,1,1.21019240713,47,1.1,"b",0,0,10,0,-10,-60,64,4
"neutral",0,1,1,9,2,1,0,1,1,1,1,140,5,67,51,51,67,86,0.439906460033,1.87992108655,53,"[ 1.6]",1,12,22,32,42,52,62,72,77,1,0.42965107597,1,1.29022658774,40,1.1,"b",0,2,13,2,-11,-10,10,0
"cued",1,0,1,9,1,2,2,2,0,1,1,141,5,112,134,134,112,17,0.359861162317,1.60009650854,129,"[ 1.5]",2,14,24,34,44,54,64,74,79,1,0.409642380588,1,1.56025518876,142,1.3,"b",0,-5,13,5,-8,-11,13,2
"neutral",0,1,1,9,2,1,0,1,1,1,1,142,5,32,89,89,32,11,0.649824845419,1.84983998873,89,"[ 1.6]",1,12,22,32,42,52,62,72,77,1,0.309592894424,1,1.36018385898,83,1.4,"b",0,0,6,0,-6,-8,13,5
"cued",1,0,0,9,1,2,1,1,0,1,1,143,5,154,163,154,163,54,0.389889979668,1.6399243075,165,"[ 1.6]",2,13,23,33,43,53,63,73,78,1,0.349661063343,1,1.55018308679,152,1,"b",0,11,13,11,-2,-6,6,0
"neutral",0,1,0,9,2,1,0,2,2,1,1,144,5,52,70,52,70,101,0.839827378317,2.07993923447,32,"[ 1.7]",1,11,21,31,41,51,61,71,76,1,0.269656328055,1,1.00039661042,17,1.1,"b",0,-20,15,20,5,-2,13,11
"neutral",0,1,1,9,2,1,0,1,1,1,1,145,5,155,94,94,155,129,0.539862502377,1.93013917721,102,"[ 1.8]",1,12,22,32,42,52,62,72,77,1,0.369685382773,1,1.16024954007,110,1.2,"b",0,8,8,8,0,5,15,20
"cued",1,1,1,9,2,1,1,1,0,1,1,146,5,134,92,92,134,103,0.53978287983,1.37990921828,90,"[ 1.5]",2,14,24,34,44,54,64,74,79,1,0.369643618493,1,1.2702151882,96,1.1,"b",0,-2,6,2,-4,0,8,8
"neutral",0,0,0,9,1,2,0,1,1,1,1,147,5,172,95,172,95,142,2.55959897879,3.89961760145,175,"[ 1.7]",1,11,21,31,41,51,61,71,76,1,0.329573646799,1,0.950368712485,-178,1.2,"b",1,3,7,3,-4,-4,6,2
"cued",1,0,0,9,1,2,1,1,0,1,1,148,5,156,47,156,47,51,0.639907481604,1.9998695993,164,"[ 1.7]",2,13,23,33,43,53,63,73,78,1,1.45948278996,1,2.3702051828,176,1.3,"b",0,8,12,8,-4,-4,7,3
"cued",1,0,1,9,1,2,2,2,0,1,1,149,5,37,159,159,37,78,0.589955600664,1.8199469804,173,"[ 1.8]",2,14,24,34,44,54,64,74,79,1,0.309672817433,1,1.09052302399,-177,1.2,"b",0,14,10,14,4,-4,12,8
"neutral",0,1,0,9,2,1,0,2,2,1,1,150,5,18,135,18,135,119,0.689866573644,1.97984017201,8,"[ 2.]",1,11,21,31,41,51,61,71,76,1,0.459693714596,1,1.1203153774,-4,1,"b",0,-10,12,10,-2,4,10,14
"neutral",0,0,0,9,1,2,0,1,1,1,1,151,5,99,82,99,82,110,1.22982792817,2.48983099889,73,"[ 1.8]",1,11,21,31,41,51,61,71,76,1,0.319651475585,1,1.0903845108,41,1.1,"b",0,-26,32,26,-6,-2,12,10
"cued",1,1,0,9,2,1,2,2,0,1,1,152,5,54,121,54,121,67,0.369901715732,1.739983108,45,"[ 1.6]",2,13,23,33,43,53,63,73,78,1,0.409673929145,1,1.12039499995,29,1,"b",0,-9,16,9,-7,-6,32,26
"neutral",0,1,0,9,2,1,0,2,2,1,1,153,5,5,75,5,75,70,0.699944985327,1.60999975062,13,"[ 1.9]",1,11,21,31,41,51,61,71,76,1,0.589732357072,1,1.34031247493,-1,1.2,"b",0,8,14,8,-6,-7,16,9
"cued",1,1,0,9,2,1,2,2,0,1,1,154,5,41,92,41,92,156,0.329948023002,1.8501810136,12,"[ 1.9]",2,13,23,33,43,53,63,73,78,1,0.319708863912,1,1.02025447366,-3,1.1,"b",0,-29,15,29,14,-6,14,8
"neutral",0,1,1,9,2,1,0,1,1,1,1,155,5,140,56,56,140,116,0.739846698052,2.08990286951,56,"[ 1.8]",1,12,22,32,42,52,62,72,77,1,0.309706469227,1,0.920543007744,33,1.1,"b",0,0,23,0,-23,14,15,29
"cued",1,1,0,9,2,1,2,2,0,1,1,156,5,163,172,163,172,56,0.709839513995,2.13988840224,177,"[ 1.8]",2,13,23,33,43,53,63,73,78,1,0.309692948418,1,1.0304116065,-175,1.4,"b",0,14,8,14,6,-23,23,0
"cued",1,1,1,9,2,1,1,1,0,1,1,157,5,13,167,167,13,14,0.629948954436,1.66010516786,169,"[ 1.5]",2,14,24,34,44,54,64,74,79,1,0.409640277352,1,1.27023261502,179,1.2,"b",0,2,10,2,-8,6,8,14
"neutral",0,0,1,9,1,2,0,2,2,1,1,158,5,152,129,129,152,45,0.559879009785,1.9399063098,108,"[ 1.9]",1,12,22,32,42,52,62,72,77,1,0.309680629456,1,1.88021283557,121,1.2,"b",0,-21,13,21,8,-8,10,2
"cued",1,0,0,9,1,2,1,1,0,1,1,159,5,123,148,123,148,120,0.429895952861,NA,122,"[ 1.8]",2,13,23,33,43,53,63,73,78,0,0.339719662532,1,1.03043834766,139,1.4,"b",0,-1,17,1,-16,8,13,21
"cued",1,1,1,9,2,1,1,1,0,1,1,160,5,170,149,149,170,168,0.529853797982,1.71996960522,138,"[ 1.9]",2,14,24,34,44,54,64,74,79,1,0.289686957196,1,1.13028261798,155,1.3,"b",0,-11,17,11,-6,-16,17,1
"cued",1,1,0,9,2,1,2,2,0,1,1,161,6,162,139,162,139,111,0.399949161754,1.67999698336,172,"[ 1.6]",2,13,23,33,43,53,63,73,78,1,0.399682050644,1,1.60023381987,-175,1.4,"b",0,10,13,10,-3,-6,17,11
"neutral",0,1,0,9,2,1,0,2,2,1,1,162,6,151,145,151,145,33,0.849833378552,2.15993976329,160,"[ 1.6]",1,11,21,31,41,51,61,71,76,1,0.539575560746,1,1.64011299791,179,1.4,"b",0,9,19,9,-10,-3,13,10
"cued",1,0,0,9,1,2,1,1,0,1,1,163,6,136,112,136,112,108,0.669906853638,1.91982370066,120,"[ 1.6]",2,13,23,33,43,53,63,73,78,1,0.269645210943,1,1.16025705163,150,1.1,"b",0,-16,30,16,-14,-10,19,9
"cued",1,1,0,9,2,1,2,2,0,1,1,164,6,49,81,49,81,28,0.519869431042,2.15984722086,37,"[ 1.6]",2,13,23,33,43,53,63,73,78,1,0.299715492112,1,1.18033966077,9,1.5,"b",0,-12,28,12,-16,-14,30,16
"cued",1,0,1,9,1,2,2,2,0,1,1,165,6,124,83,83,124,56,0.379920034926,1.36009492209,82,"[ 1.6]",2,14,24,34,44,54,64,74,79,1,0.379628285895,1,1.23027711952,61,1,"b",0,-1,21,1,-20,-16,28,12
"cued",1,0,0,9,1,2,1,1,0,1,1,166,6,84,89,84,89,134,0.419929313206,1.85998119706,84,"[ 1.7]",2,13,23,33,43,53,63,73,78,1,0.369675467513,1,1.29025032427,72,1.1,"b",0,0,12,0,-12,-20,21,1
"cued",1,0,1,9,1,2,2,2,0,1,1,167,6,157,59,59,157,15,0.679917060348,1.73001947297,66,"[ 1.9]",2,14,24,34,44,54,64,74,79,1,0.389593423239,1,1.08026854131,53,1.3,"b",0,7,13,7,-6,-12,12,0
"neutral",0,0,0,9,1,2,0,1,1,1,1,168,6,149,99,149,99,14,0.779864389282,2.26999074275,146,"[ 1.7]",1,11,21,31,41,51,61,71,76,1,0.319661390846,1,1.11019760513,169,1.4,"b",0,-3,23,3,-20,-6,13,7
"cued",1,0,0,9,1,2,1,1,0,1,1,169,6,54,169,54,169,118,0.48987156132,1.82988477566,49,"[ 1.8]",2,13,23,33,43,53,63,73,78,1,0.259780127593,1,0.900317078014,36,1.5,"b",0,-5,13,5,-8,-20,23,3
"neutral",0,1,1,9,2,1,0,1,1,1,1,170,6,11,74,74,11,55,0.469949699582,1.94999463675,77,"[ 1.6]",1,12,22,32,42,52,62,72,77,1,0.289626564245,1,1.3402151251,62,1.4,"b",0,3,15,3,-12,-8,13,5
"cued",1,1,0,9,2,1,2,2,0,1,1,171,6,167,121,167,121,64,0.489848726174,1.85999261463,174,"[ 1.8]",2,13,23,33,43,53,63,73,78,1,0.279689369909,1,1.38048881033,-175,1.2,"b",0,7,11,7,-4,-12,15,3
"neutral",0,0,1,9,1,2,0,2,2,1,1,172,6,76,13,13,76,82,0.709877372263,2.16014407775,7,"[ 1.6]",1,12,22,32,42,52,62,72,77,1,0.37965953399,1,1.09032081276,-7,1.4,"b",0,-6,14,6,-8,-4,11,7
"cued",1,1,1,9,2,1,1,1,0,1,1,173,6,170,140,140,170,27,0.399930232621,1.71995548348,126,"[ 1.6]",2,14,24,34,44,54,64,74,79,1,0.309685436856,1,0.980291767059,145,1.2,"b",0,-14,19,14,-5,-8,14,6
"neutral",0,0,0,9,1,2,0,1,1,1,1,174,6,0,80,0,80,10,0.789962631487,2.06994134673,178,"[ 1.8]",1,11,21,31,41,51,61,71,76,1,0.33963072565,1,1.23037236611,-170,1.1,"b",0,-2,12,2,-10,-5,19,14
"neutral",0,0,1,9,1,2,0,2,2,1,1,175,6,81,132,132,81,88,0.67989152104,1.86996225891,150,"[ 1.8]",1,12,22,32,42,52,62,72,77,1,0.319761144377,1,1.00025419123,170,1.3,"b",0,18,20,18,-2,-10,12,2
"cued",1,0,1,9,1,2,2,2,0,1,1,176,6,134,152,152,134,124,0.479875776808,1.52992650989,173,"[ 1.8]",2,14,24,34,44,54,64,74,79,1,1.94955175511,1,2.72012794893,-171,1.1,"b",0,21,16,21,5,-2,20,18
"neutral",0,0,0,9,1,2,0,1,1,1,1,177,6,144,17,144,17,173,2.49965732259,3.77991246327,141,"[ 1.6]",1,11,21,31,41,51,61,71,76,1,0.449698230548,1,1.49047939684,172,1,"b",1,-3,31,3,-28,5,16,21
"neutral",0,1,1,9,2,1,0,1,1,1,1,178,6,103,42,42,103,82,0.599949882864,2.25010042957,67,"[ 1.6]",1,12,22,32,42,52,62,72,77,1,0.299688750956,1,1.1705451861,37,1,"b",0,25,30,25,-5,-28,31,3
"cued",1,1,1,9,2,1,1,1,0,1,1,179,6,63,179,179,63,112,0.50991180526,1.87990726527,174,"[ 1.6]",2,14,24,34,44,54,64,74,79,1,0.329661682295,1,1.13049804955,-176,1.2,"b",0,-5,10,5,-5,-5,30,25
"neutral",0,1,0,9,2,1,0,2,2,1,1,180,6,56,150,56,150,100,0.579925863896,1.73991700626,35,"[ 1.7]",1,11,21,31,41,51,61,71,76,1,0.279720618004,1,0.98049968707,17,1.2,"b",0,-21,18,21,3,-5,10,5
"cued",1,1,1,9,2,1,1,1,0,1,1,181,6,81,116,116,81,91,1.2398171025,2.38985542649,111,"[ 1.7]",2,14,24,34,44,54,64,74,79,1,0.509738137969,1,1.32022716162,125,1.4,"b",1,-5,14,5,-9,3,18,21
"neutral",0,1,0,9,2,1,0,2,2,1,1,182,6,161,170,161,170,40,0.569886812793,1.88994150898,169,"[ 2.]",1,11,21,31,41,51,61,71,76,1,0.399668229371,1,1.14024925763,-179,1.3,"b",0,8,12,8,-4,-9,14,5
"cued",1,0,1,9,1,2,2,2,0,1,1,183,6,176,112,112,176,178,0.559910558339,2.09985809159,107,"[ 2.]",2,14,24,34,44,54,64,74,79,1,0.289696872456,1,1.24033930622,133,1.3,"b",0,-5,26,5,-21,-4,12,8
"cued",1,1,0,9,2,1,2,2,0,1,1,184,6,79,43,79,43,11,0.369872871335,1.56992316875,69,"[ 1.6]",2,13,23,33,43,53,63,73,78,1,0.459688005811,1,1.42044460629,47,1.3,"b",0,-10,22,10,-12,-21,26,5
"neutral",0,0,0,9,1,2,0,1,1,1,1,185,6,107,112,107,112,167,0.419950045114,2.21012780771,101,"[ 1.6]",1,11,21,31,41,51,61,71,76,1,0.329711559061,1,1.30028907492,111,1.3,"b",0,-6,10,6,-4,-12,22,10
"cued",1,1,1,9,2,1,1,1,0,1,1,186,6,35,77,77,35,35,0.289916810963,1.70002971574,69,"[ 1.5]",2,14,24,34,44,54,64,74,79,1,0.289724214539,1,1.19042738679,49,1.1,"b",0,-8,20,8,-12,-4,10,6
"neutral",0,0,1,9,1,2,0,2,2,1,1,187,6,50,11,11,50,166,0.629853407379,2.33003665942,1,"[ 1.9]",1,12,22,32,42,52,62,72,77,1,0.399677243246,1,1.11039921543,-13,1,"b",0,-10,14,10,-4,-12,20,8
"cued",1,0,0,9,1,2,1,1,0,1,1,188,6,11,14,11,14,82,0.379936259897,1.8400683492,7,"[ 1.9]",2,13,23,33,43,53,63,73,78,1,0.339720864382,1,0.970498794695,-6,1,"b",0,-4,13,4,-9,-4,14,10
"neutral",0,1,0,9,2,1,0,2,2,1,1,189,6,97,102,97,102,49,0.709928150416,1.88009805892,104,"[ 1.9]",1,11,21,31,41,51,61,71,76,1,0.769612310307,1,1.75024029484,116,1.4,"b",0,7,12,7,-5,-9,13,4
"neutral",0,1,1,9,2,1,0,1,1,1,1,190,6,51,78,78,51,7,0.859936428158,2.21991447036,76,"[ 1.6]",1,12,22,32,42,52,62,72,77,1,0.589606463309,1,1.67023736232,66,1.5,"b",0,-2,10,2,-8,-5,12,7
"neutral",0,0,1,9,1,2,0,2,2,1,1,191,6,98,125,125,98,61,0.669844958375,2.16985051693,131,"[ 1.7]",1,12,22,32,42,52,62,72,77,1,0.319628039515,1,1.6301908267,168,1.4,"b",0,6,37,6,-31,-8,10,2
"neutral",0,1,1,9,2,1,0,1,1,1,1,192,6,0,47,47,0,125,0.469876386747,1.95991200056,29,"[ 1.6]",1,12,22,32,42,52,62,72,77,1,0.319654179748,1,1.05030041737,13,1.1,"b",0,-18,16,18,2,-31,37,6
"cued",1,1,0,9,2,1,2,2,0,1,1,193,7,145,2,145,2,142,1.02972955676,2.38975867758,168,"[ 2.]",2,13,23,33,43,53,63,73,78,1,0.299689652344,1,0.930262967733,-172,1.1,"b",0,23,20,23,3,2,16,18
"neutral",0,1,1,9,2,1,0,1,1,1,1,194,7,47,55,55,47,52,0.479895006405,1.62998561085,36,"[ 1.8]",1,12,22,32,42,52,62,72,77,1,0.299683342633,1,1.4001615887,19,1.1,"b",0,-19,17,19,2,3,20,23
"neutral",0,1,1,9,2,1,0,1,1,1,1,195,7,88,166,166,88,170,0.56990604239,2.34985636393,172,"[ 2.]",1,12,22,32,42,52,62,72,77,1,0.329759633052,1,1.16034358481,-177,1.4,"b",0,6,11,6,-5,2,17,19
"cued",1,0,1,9,1,2,2,2,0,1,1,196,7,46,73,73,46,74,0.469879691833,1.9399847305,54,"[ 1.8]",2,14,24,34,44,54,64,74,79,1,0.489625783044,1,1.28018453201,36,1.1,"b",0,-19,18,19,1,-5,11,6
"cued",1,1,0,9,2,1,2,2,0,1,1,197,7,118,19,118,19,160,0.889814713826,2.02990352451,115,"[ 1.7]",2,13,23,33,43,53,63,73,78,1,0.299678835696,1,1.20021284759,130,1.4,"b",0,-3,15,3,-12,1,18,19
"cued",1,1,1,9,2,1,1,1,0,1,1,198,7,174,61,61,174,70,0.509876951617,1.82004433023,59,"[ 1.9]",2,14,24,34,44,54,64,74,79,1,0.329614509692,1,1.16014077266,40,1,"b",0,-2,19,2,-17,-12,15,3
"neutral",0,0,1,9,1,2,0,2,2,1,1,199,7,94,47,47,94,177,0.869844778097,2.45985145738,31,"[ 1.9]",1,12,22,32,42,52,62,72,77,1,0.589642819263,1,1.42034875877,7,1.3,"b",0,-16,24,16,-8,-17,19,2
"neutral",0,1,1,9,2,1,0,1,1,1,1,200,7,121,3,3,121,99,0.439923586393,2.34989452266,13,"[ 1.8]",1,12,22,32,42,52,62,72,77,1,0.31972959582,1,1.06025473807,-3,1.3,"b",0,10,16,10,-6,-8,24,16
"cued",1,0,1,9,1,2,2,2,0,1,1,201,7,52,118,118,52,103,0.519920509656,1.54998628389,124,"[ 1.7]",2,14,24,34,44,54,64,74,79,1,0.509703284324,1,1.18053015396,136,1.1,"b",0,6,12,6,-6,-6,16,10
"neutral",0,1,1,9,2,1,0,1,1,1,1,202,7,99,2,2,99,30,1.30977497466,3.11973127841,6,"[ 1.8]",1,12,22,32,42,52,62,72,77,1,0.29960432101,1,1.12021922941,-10,1.2,"b",0,4,16,4,-12,-6,12,6
"neutral",0,0,0,9,1,2,0,1,1,1,1,203,7,40,164,40,164,110,1.16971500837,3.00975781826,48,"[ 1.7]",1,11,21,31,41,51,61,71,76,1,0.399676942783,1,1.72019495205,23,1.1,"b",0,8,25,8,-17,-12,16,4
"cued",1,1,1,9,2,1,1,1,0,1,1,204,7,97,148,148,97,164,0.439901652633,1.53000793521,127,"[ 1.8]",2,14,24,34,44,54,64,74,79,1,0.509613145594,1,1.72009549898,142,1.4,"b",0,-21,15,21,6,-17,25,8
"neutral",0,1,0,9,2,1,0,2,2,1,1,205,7,51,154,51,154,130,0.759863806385,2.02973947202,36,"[ 1.6]",1,11,21,31,41,51,61,71,76,1,0.309592894424,1,1.35042333656,22,1.4,"b",0,-15,14,15,1,6,15,21
"cued",1,0,1,9,1,2,2,2,0,1,1,206,7,18,138,138,18,106,0.359893311797,1.5100106574,122,"[ 1.8]",2,14,24,34,44,54,64,74,79,1,0.3396247164,1,1.39045154397,144,1.2,"b",0,-16,22,16,-6,1,14,15
"cued",1,0,0,9,1,2,1,1,0,1,1,207,7,22,72,22,72,11,0.479821994031,2.34002433145,7,"[ 1.5]",2,13,23,33,43,53,63,73,78,1,0.349619599525,1,1.77011438305,-8,1.1,"b",0,-15,15,15,0,-6,22,16
"cued",1,1,0,9,2,1,2,2,0,1,1,208,7,152,159,152,159,177,0.369898110181,1.78995331715,162,"[ 1.9]",2,13,23,33,43,53,63,73,78,1,0.28962596332,1,1.79029043601,175,1.1,"b",0,10,13,10,-3,0,15,15
"neutral",0,0,0,9,1,2,0,1,1,1,1,209,7,50,63,50,63,43,0.429990298067,1.52006593348,35,"[ 1.6]",1,11,21,31,41,51,61,71,76,1,0.399609939657,1,1.27043933318,24,1.2,"b",0,-15,11,15,4,-3,13,10
"neutral",0,0,1,9,1,2,0,2,2,1,1,210,7,111,106,106,111,116,0.429838864997,1.34007090313,107,"[ 1.6]",1,12,22,32,42,52,62,72,77,1,0.289668929448,1,1.57044777617,119,1.2,"b",0,1,12,1,-11,4,11,15
"cued",1,1,1,9,2,1,1,1,0,1,1,211,7,169,11,11,169,57,0.989860293979,2.37994046637,9,"[ 1.7]",2,14,24,34,44,54,64,74,79,1,0.329597383334,1,1.21017918679,-3,1.1,"b",0,-2,12,2,-10,-11,12,1
"cued",1,0,0,9,1,2,1,1,0,1,1,212,7,53,129,53,129,30,0.769903758875,NA,28,"[ 1.8]",2,13,23,33,43,53,63,73,78,0,0.439619818864,1,1.04068231415,12,1.2,"b",0,-25,16,25,9,-10,12,2
"neutral",0,0,1,9,1,2,0,2,2,1,1,213,7,60,70,70,60,141,0.559846559841,2.28972782009,51,"[ 1.5]",1,12,22,32,42,52,62,72,77,1,0.329698639176,1,1.27030652878,32,1.2,"b",0,-19,19,19,0,9,16,25
"cued",1,1,1,9,2,1,1,1,0,1,1,214,7,172,155,155,172,102,0.509868839132,1.94991771836,164,"[ 1.8]",2,14,24,34,44,54,64,74,79,1,0.269728739502,1,1.32038009701,-179,1.3,"b",0,9,17,9,-8,0,19,19
"neutral",0,1,0,9,2,1,0,2,2,1,1,215,7,45,167,45,167,133,2.16973754305,3.7197009918,21,"[ 1.9]",1,11,21,31,41,51,61,71,76,1,0.349678790628,1,1.28033566462,2,1.3,"b",1,-24,19,24,5,-8,17,9
"neutral",0,1,0,9,2,1,0,2,2,1,1,216,7,174,127,174,127,128,0.829874860397,2.03990982521,176,"[ 1.7]",1,11,21,31,41,51,61,71,76,1,0.669648455938,1,1.54022335777,-172,1.2,"b",0,2,12,2,-10,5,19,24
"cued",1,0,0,9,1,2,1,1,0,1,1,217,7,68,156,68,156,81,0.359934174687,1.19999951926,61,"[ 1.7]",2,13,23,33,43,53,63,73,78,1,0.28962986933,1,1.2001719847,33,1.2,"b",0,-7,28,7,-21,-10,12,2
"neutral",0,0,0,9,1,2,0,1,1,1,1,218,7,123,19,123,19,64,0.689843438036,2.01992336405,115,"[ 1.9]",1,11,21,31,41,51,61,71,76,1,0.429701553661,1,1.26026417259,99,1,"b",0,-8,16,8,-8,-21,28,7
"neutral",0,0,0,9,1,2,0,1,1,1,1,219,7,125,0,125,0,2,0.769840661762,2.49976669091,120,"[ 2.]",1,11,21,31,41,51,61,71,76,1,0.389717514227,1,1.15025736111,134,1.1,"b",0,-5,14,5,-9,-8,16,8
"cued",1,1,0,9,2,1,2,2,0,1,1,220,7,126,149,126,149,75,0.319934511206,1.31001594554,137,"[ 1.6]",2,13,23,33,43,53,63,73,78,1,0.289676140548,1,0.960265344393,156,1.4,"b",0,11,19,11,-8,-9,14,5
"cued",1,0,1,9,1,2,2,2,0,1,1,221,7,50,174,174,50,76,0.379850628102,1.57994539396,174,"[ 1.7]",2,14,24,34,44,54,64,74,79,1,0.379636698843,1,1.3401814733,-174,1.2,"b",0,0,12,0,-12,-8,19,11
"cued",1,0,0,9,1,2,1,1,0,1,1,222,7,151,27,151,27,17,0.609924935468,2.21988171996,160,"[ 1.7]",2,13,23,33,43,53,63,73,78,1,1.69956099433,1,2.67007030521,175,1.1,"b",0,9,15,9,-6,-12,12,0
"neutral",0,1,0,9,2,1,0,2,2,1,1,223,7,66,50,66,50,174,0.489963502827,2.32998948682,32,"[ 1.8]",1,11,21,31,41,51,61,71,76,1,0.309683333619,1,1.28018963987,11,1.1,"b",0,-34,21,34,13,-6,15,9
"neutral",0,0,1,9,1,2,0,2,2,1,1,224,7,155,83,83,155,149,0.389898092153,1.92012266079,82,"[ 1.5]",1,12,22,32,42,52,62,72,77,1,0.349729869242,1,1.55032730876,64,1.2,"b",0,-1,18,1,-17,13,21,34
"cued",1,1,0,9,2,1,2,2,0,1,1,225,8,75,165,75,165,59,0.519777189073,1.91994058055,73,"[ 1.7]",2,13,23,33,43,53,63,73,78,1,0.329719371084,1,0.85038052066,57,1.2,"b",0,-2,16,2,-14,-17,18,1
"neutral",0,0,1,9,1,2,0,2,2,1,1,226,8,66,114,114,66,160,0.539894050933,1.55993219164,113,"[ 1.9]",1,12,22,32,42,52,62,72,77,1,0.319663494083,1,0.930495525663,128,1.2,"b",0,-1,15,1,-14,-14,16,2
"neutral",0,0,0,9,1,2,0,1,1,1,1,227,8,2,113,2,113,77,0.579852250599,2.07986471979,4,"[ 1.6]",1,11,21,31,41,51,61,71,76,1,0.309719088649,1,1.01036415147,-10,1.2,"b",0,2,14,2,-12,-14,15,1
"neutral",0,0,1,9,1,2,0,2,2,1,1,228,8,86,101,101,86,157,0.779842755986,1.70986865885,115,"[ 1.6]",1,12,22,32,42,52,62,72,77,1,0.879665693468,1,1.74030910975,142,1.3,"b",0,14,27,14,-13,-12,14,2
"cued",1,1,1,9,2,1,1,1,0,1,1,229,8,117,122,122,117,94,0.66987139907,1.65991677791,110,"[ 1.6]",2,14,24,34,44,54,64,74,79,1,0.309698356739,1,1.64027795179,132,1.3,"b",0,-12,22,12,-10,-13,27,14
"neutral",0,1,0,9,2,1,0,2,2,1,1,230,8,152,36,152,36,167,1.22980148747,2.67982902485,154,"[ 1.5]",1,11,21,31,41,51,61,71,76,1,0.289689661358,1,0.990463021637,174,1.4,"b",0,2,20,2,-18,-10,22,12
"neutral",0,0,0,9,1,2,0,1,1,1,1,231,8,117,120,117,120,47,0.69987888359,2.24982791014,133,"[ 1.6]",1,11,21,31,41,51,61,71,76,1,0.499582807901,1,1.28046276023,148,1,"b",0,16,15,16,1,-18,20,2
"cued",1,0,1,9,1,2,2,2,0,1,1,232,8,165,22,22,165,29,0.489916029761,1.6599080645,6,"[ 1.7]",2,14,24,34,44,54,64,74,79,1,0.359716940344,1,1.36049033067,-7,1.5,"b",0,-16,13,16,3,1,15,16
"cued",1,0,1,9,1,2,2,2,0,1,1,233,8,111,59,59,111,134,0.379876467872,1.96985670646,74,"[ 1.9]",2,14,24,34,44,54,64,74,79,1,0.409677835156,1,1.12022163311,57,1.4,"b",0,15,17,15,-2,3,13,16
"cued",1,0,1,9,1,2,2,2,0,1,1,234,8,141,152,152,141,169,0.459920563739,1.92982309072,158,"[ 1.7]",2,14,24,34,44,54,64,74,79,1,0.649634352232,1,1.49019996677,175,1.3,"b",0,6,17,6,-11,-2,17,15
"neutral",0,1,0,9,2,1,0,2,2,1,1,235,8,152,133,152,133,64,0.699847635495,1.95992972784,167,"[ 2.]",1,11,21,31,41,51,61,71,76,1,0.379620774333,1,1.07022438235,-179,1.2,"b",0,15,14,15,1,-11,17,6
"cued",1,0,1,9,1,2,2,2,0,1,1,236,8,165,49,49,165,69,0.509853816007,1.59987056078,39,"[ 1.7]",2,14,24,34,44,54,64,74,79,1,0.309720290499,1,1.02040861089,16,1.2,"b",0,-10,23,10,-13,1,14,15
"cued",1,1,1,9,2,1,1,1,0,1,1,237,8,138,137,137,138,165,0.389942861058,1.81999986179,121,"[ 1.9]",2,14,24,34,44,54,64,74,79,1,0.609613355915,1,1.44016786236,140,1.3,"b",0,-16,19,16,-3,-13,23,10
"neutral",0,1,1,9,2,1,0,1,1,1,1,238,8,34,54,54,34,77,0.759891148467,1.86988383822,43,"[ 1.7]",1,12,22,32,42,52,62,72,77,1,0.499680458193,1,2.04016011043,8,1,"b",0,-11,35,11,-24,-3,19,16
"neutral",0,1,1,9,2,1,0,1,1,1,1,239,8,43,95,95,43,148,0.459936788711,1.97999130462,104,"[ 1.9]",1,12,22,32,42,52,62,72,77,1,0.389675749946,1,1.47049864446,115,1.3,"b",0,9,11,9,-2,-24,35,11
"cued",1,0,0,9,1,2,1,1,0,1,1,240,8,163,129,163,129,106,0.459919662351,1.64007934612,176,"[ 1.8]",2,13,23,33,43,53,63,73,78,1,0.309722393735,1,1.08024630709,-172,1.5,"b",0,13,12,13,1,-2,11,9
"cued",1,0,0,9,1,2,1,1,0,1,1,241,8,86,60,86,60,110,0.639898467733,1.65995193202,63,"[ 1.8]",2,13,23,33,43,53,63,73,78,1,0.319676413968,1,1.07053986791,42,1.4,"b",0,-23,21,23,2,1,12,13
"cued",1,0,0,9,1,2,1,1,0,1,1,242,8,56,113,56,113,31,0.989862096754,2.72004141574,62,"[ 1.8]",2,13,23,33,43,53,63,73,78,1,0.469663058413,1,1.17021678065,39,1.1,"b",0,6,23,6,-17,2,21,23
"neutral",0,0,0,9,1,2,0,1,1,1,1,243,8,174,13,174,13,95,1.17982256491,2.54009475984,171,"[ 1.9]",1,11,21,31,41,51,61,71,76,1,0.319680319981,1,1.20054606044,-177,1.3,"b",0,-3,12,3,-9,-17,23,6
"neutral",0,1,1,9,2,1,0,1,1,1,1,244,8,24,153,153,24,4,0.689863268557,2.60990750865,165,"[ 1.6]",1,12,22,32,42,52,62,72,77,1,0.299567965056,1,1.20016056713,178,1.5,"b",0,12,13,12,-1,-9,12,3
"neutral",0,1,0,9,2,1,0,2,2,1,1,245,8,106,125,106,125,58,1.2098438707,2.93005144217,118,"[ 1.9]",1,11,21,31,41,51,61,71,76,1,0.809544369738,1,1.87006351475,138,1.3,"b",0,12,20,12,-8,-1,13,12
"neutral",0,0,1,9,1,2,0,2,2,1,1,246,8,75,36,36,75,157,0.709894799085,2.39983889204,14,"[ 1.8]",1,12,22,32,42,52,62,72,77,1,0.589661748398,1,1.32033382579,-9,1.4,"b",0,-22,23,22,-1,-8,20,12
"neutral",0,1,1,9,2,1,0,1,1,1,1,247,8,121,142,142,121,109,0.609898494773,1.84999833243,150,"[ 1.7]",1,12,22,32,42,52,62,72,77,1,0.44965316118,1,1.29048438452,167,1.2,"b",0,8,17,8,-9,-1,23,22
"cued",1,1,0,9,2,1,2,2,0,1,1,248,8,163,81,163,81,118,0.399901388228,1.91006227685,168,"[ 1.5]",2,13,23,33,43,53,63,73,78,1,0.449666081066,1,1.97041676845,-179,1,"b",0,5,13,5,-8,-9,17,8
"cued",1,1,1,9,2,1,1,1,0,1,1,249,8,4,109,109,4,114,0.339871095604,2.21002745325,112,"[ 1.6]",2,14,24,34,44,54,64,74,79,1,0.309701962291,1,1.28050242128,123,1.3,"b",0,3,11,3,-8,-8,13,5
"neutral",0,1,0,9,2,1,0,2,2,1,1,250,8,41,47,41,47,55,0.46984604004,1.82995568479,25,"[ 1.5]",1,11,21,31,41,51,61,71,76,1,0.409630662552,1,1.190241701,5,1.3,"b",0,-16,20,16,-4,-8,11,3
"cued",1,0,0,9,1,2,1,1,0,1,1,251,8,132,153,132,153,146,0.379882777584,1.52007915383,128,"[ 1.8]",2,13,23,33,43,53,63,73,78,1,0.35964032242,1,1.51010710585,150,1.3,"b",0,-4,22,4,-18,-4,20,16
"cued",1,1,0,9,2,1,2,2,0,1,1,252,8,18,62,18,62,13,0.829815969759,2.14985984929,6,"[ 1.5]",2,13,23,33,43,53,63,73,78,1,0.279712205054,1,1.47030424526,-11,1.1,"b",0,-12,17,12,-5,-18,22,4
"cued",1,1,1,9,2,1,1,1,0,1,1,253,8,30,42,42,30,162,0.359851547517,1.94991711744,28,"[ 1.9]",2,14,24,34,44,54,64,74,79,1,0.3796706511,1,1.34023946256,14,1.3,"b",0,-14,14,14,0,-5,17,12
"neutral",0,0,1,9,1,2,0,2,2,1,1,254,8,113,82,82,113,43,0.449927783853,2.30989606103,76,"[ 2.]",1,12,22,32,42,52,62,72,77,1,0.299639174653,1,1.30041286544,59,1.3,"b",0,-6,17,6,-11,0,14,14
"cued",1,1,0,9,2,1,2,2,0,1,1,255,8,165,9,165,9,9,0.609924935468,2.41978208661,175,"[ 1.9]",2,13,23,33,43,53,63,73,78,1,0.329632236975,1,1.24022933697,-173,1,"b",0,10,12,10,-2,-11,17,6
"neutral",0,0,0,9,1,2,0,1,1,1,1,256,8,100,9,100,9,95,0.639911688078,2.47982920513,107,"[ 1.7]",1,11,21,31,41,51,61,71,76,1,0.979655387606,1,1.97026803954,122,1.2,"b",0,7,15,7,-8,-2,12,10
