"","cond","cue","colcond","pside","subid","stimcol1","stimcol2","cuecol","probedcol","pcol","delay1","delay2","trialnum","block","ori1","ori2","targori","nontargori","pstartang","DT","CT","resp","ITI","arraytrig","cuetrig","prbontrig","moveontrig","moveofftrig","confontrig","confmovontrig","confmovofftrig","fbtrig","clickresp","confDT","confclicked","confCT","confang","DialConfInterv","session"
"1",0,0,1,1,7,2,1,0,1,1,1,1,1,1,67,30,30,67,132,0.739836751054,2.53979264433,27,"[ 1.6]",1,12,22,32,42,52,62,72,77,1,0.319638517183,1,1.02026024767,40,1.1,"b"
"2",0,0,0,0,7,1,2,0,1,1,1,1,2,1,158,103,158,103,15,0.509898623648,2.07991428634,147,"[ 1.8]",1,11,21,31,41,51,61,71,76,1,0.299618332654,1,1.43015499546,162,1.5,"b"
"3",0,0,0,1,7,1,2,0,2,2,1,1,3,1,153,98,98,153,146,0.369893738258,NA,98,"[ 2.]",1,12,22,32,42,52,62,72,77,0,0.329677002399,1,1.18024145124,105,1.4,"b"
"4",1,1,1,1,7,2,1,1,1,0,1,1,4,1,24,72,72,24,117,0.299897454879,1.5199157766,81,"[ 1.9]",2,14,24,34,44,54,64,74,79,1,0.359670773982,1,1.17023631648,92,1.3,"b"
"5",1,1,0,0,7,1,2,1,1,0,1,1,5,1,149,89,149,89,51,0.279980025785,1.5799565002,128,"[ 1.8]",2,13,23,33,43,53,63,73,78,1,0.349631387398,1,1.22017515896,146,1.1,"b"
"6",1,1,0,0,7,1,2,1,1,0,1,1,6,1,51,14,51,14,85,0.389874863704,1.78995586624,48,"[ 1.9]",2,13,23,33,43,53,63,73,78,1,0.319614781281,1,1.03017584701,61,1.3,"b"
"7",1,1,0,0,7,1,2,1,1,0,1,1,7,1,54,89,54,89,136,0.369889832349,1.79989249738,52,"[ 1.9]",2,13,23,33,43,53,63,73,78,1,0.329663782402,1,1.17021047739,64,1,"b"
"8",0,0,1,0,7,2,1,0,2,2,1,1,8,1,160,143,160,143,0,0.479860985713,1.71987906106,148,"[ 1.6]",1,11,21,31,41,51,61,71,76,1,0.27968768356,1,1.08030127173,165,1.2,"b"
"9",1,1,1,0,7,2,1,2,2,0,1,1,9,1,111,6,111,6,41,0.31984853488,1.76981910536,118,"[ 1.8]",2,13,23,33,43,53,63,73,78,1,0.299700356729,1,0.920264784538,137,1.2,"b"
"10",0,0,0,1,7,1,2,0,2,2,1,1,10,1,41,107,107,41,157,0.579811981584,1.89979992735,118,"[ 2.]",1,12,22,32,42,52,62,72,77,1,0.299669409917,1,0.900280354093,130,1.3,"b"
"11",1,1,0,1,7,1,2,2,2,0,1,1,11,1,123,153,153,123,37,0.369876311899,1.8798353269,1,"[ 1.6]",2,14,24,34,44,54,64,74,79,1,0.28966968333,1,1.1002036781,-19,1.4,"b"
"12",0,0,1,0,7,2,1,0,2,2,1,1,12,1,14,48,14,48,142,0.499934350693,1.77997506829,25,"[ 1.6]",1,11,21,31,41,51,61,71,76,1,0.359630212621,1,1.83018131528,13,1.1,"b"
"13",0,0,0,0,7,1,2,0,1,1,1,1,13,1,130,140,130,140,9,0.469906928211,1.79979575103,120,"[ 1.8]",1,11,21,31,41,51,61,71,76,1,0.0496792498016,1,0.78029144687,132,1.4,"b"
"14",1,1,1,0,7,2,1,2,2,0,1,1,14,1,112,4,112,4,19,0.309890571465,1.55993150839,112,"[ 1.6]",2,13,23,33,43,53,63,73,78,1,0.369636549207,1,1.0001973986,126,1.1,"b"
"15",0,0,0,1,7,1,2,0,2,2,1,1,15,1,47,158,158,47,125,0.509917852734,1.41998370936,157,"[ 1.7]",1,12,22,32,42,52,62,72,77,1,0.269661216524,1,0.900232281372,177,1.2,"b"
"16",1,1,0,1,7,1,2,2,2,0,1,1,16,1,143,16,16,143,53,0.299915181695,1.6699321063,16,"[ 1.9]",2,14,24,34,44,54,64,74,79,1,0.279637207204,1,1.33017695869,29,1.2,"b"
"17",0,0,1,1,7,2,1,0,1,1,1,1,17,1,149,44,44,149,109,0.439913757542,1.7098210463,41,"[ 1.6]",1,12,22,32,42,52,62,72,77,1,0.239616968589,1,1.50012994657,62,1.4,"b"
"18",1,1,1,1,7,2,1,1,1,0,1,1,18,1,104,140,140,104,11,0.339910783045,2.31981548489,131,"[ 1.6]",2,14,24,34,44,54,64,74,79,1,0.319638517183,1,0.960296440426,148,1.2,"b"
"19",0,0,1,1,7,2,1,0,1,1,1,1,19,1,132,89,89,132,80,0.539898404317,1.73992838968,87,"[ 2.]",1,12,22,32,42,52,62,72,77,1,0.359603772627,1,1.09020425197,100,1.2,"b"
"20",1,1,1,1,7,2,1,1,1,0,1,1,20,1,167,76,76,167,48,0.289942195559,1.35996401757,69,"[ 1.6]",2,14,24,34,44,54,64,74,79,1,0.769608186303,1,1.70012477875,83,1.4,"b"
"21",1,1,1,0,7,2,1,2,2,0,1,1,21,1,61,129,61,129,170,0.299922693059,1.73995092376,44,"[ 1.7]",2,13,23,33,43,53,63,73,78,1,0.309596426512,1,1.29022762733,60,1.2,"b"
"22",0,0,1,1,7,2,1,0,1,1,1,1,22,1,86,108,108,86,151,0.399872787566,2.01985132911,109,"[ 1.7]",1,12,22,32,42,52,62,72,77,1,0.289685607419,1,0.770216306206,122,1.1,"b"
"23",0,0,0,0,7,1,2,0,1,1,1,1,23,1,64,178,64,178,111,0.579903620204,1.73992328195,66,"[ 1.5]",1,11,21,31,41,51,61,71,76,1,0.316305575445,1,0.846945474419,77,1,"b"
"24",0,0,1,0,7,2,1,0,2,2,1,1,24,1,110,20,110,20,47,0.529872538191,1.50989021092,126,"[ 1.7]",1,11,21,31,41,51,61,71,76,1,0.279671158562,1,0.970282947012,142,1.2,"b"
"25",1,1,1,1,7,2,1,1,1,0,1,1,25,1,160,175,175,160,123,0.319923348048,1.76990894126,176,"[ 1.7]",2,14,24,34,44,54,64,74,79,1,0.489596612795,1,1.21025475236,-170,1.3,"b"
"26",1,1,0,0,7,1,2,1,1,0,1,1,26,1,44,33,44,33,86,0.289928975562,1.82986944351,31,"[ 1.7]",2,13,23,33,43,53,63,73,78,1,0.319603964916,1,1.05013143382,39,1.3,"b"
"27",1,1,1,0,7,2,1,2,2,0,1,1,27,1,109,126,109,126,114,0.259973962613,1.40988483278,112,"[ 1.7]",2,13,23,33,43,53,63,73,78,1,0.30967093923,1,1.49019782224,125,1.3,"b"
"28",0,0,0,1,7,1,2,0,2,2,1,1,28,1,133,16,16,133,160,0.359863966223,1.9598304355,31,"[ 1.7]",1,12,22,32,42,52,62,72,77,1,0.339649988538,1,1.40019487479,41,1,"b"
"29",1,1,0,1,7,1,2,2,2,0,1,1,29,1,141,154,154,141,86,0.329865387372,1.83977152238,25,"[ 1.7]",2,14,24,34,44,54,64,74,79,1,0.229667117448,1,1.48020470566,44,1.5,"b"
"30",1,1,0,1,7,1,2,2,2,0,1,1,30,1,97,1,1,97,175,0.309881557834,1.34988016373,165,"[ 1.6]",2,14,24,34,44,54,64,74,79,1,0.279650427201,1,1.55019828495,-179,1.2,"b"
"31",0,0,1,0,7,2,1,0,2,2,1,1,31,1,166,153,166,153,127,0.429880680505,1.55985369068,171,"[ 1.9]",1,11,21,31,41,51,61,71,76,1,0.339630458995,1,1.30020842528,179,1.2,"b"
"32",0,0,0,0,7,1,2,0,1,1,1,1,32,1,60,18,60,18,5,0.539878273863,2.44979330233,63,"[ 2.]",1,11,21,31,41,51,61,71,76,1,0.459583011223,1,1.86005430415,76,1.3,"b"
"33",0,0,1,1,7,2,1,0,1,1,1,1,33,2,171,30,30,171,57,0.57984232749,1.62993590404,44,"[ 1.7]",1,12,22,32,42,52,62,72,77,1,0.30972231695,1,1.25023142508,57,1.1,"b"
"34",1,1,1,0,7,2,1,2,2,0,1,1,34,2,57,164,57,164,18,0.299976474413,1.57996611474,44,"[ 1.8]",2,13,23,33,43,53,63,73,78,1,0.28967659378,1,1.11022083105,63,1.3,"b"
"35",0,0,1,0,7,2,1,0,2,2,1,1,35,2,80,30,80,30,172,0.5898504668,2.52974574639,68,"[ 1.7]",1,11,21,31,41,51,61,71,76,1,0.389645917377,1,1.98007956636,52,1,"b"
"36",1,1,1,1,7,2,1,1,1,0,1,1,36,2,7,3,3,7,32,0.329878607368,1.29996776123,7,"[ 1.6]",2,14,24,34,44,54,64,74,79,1,0.299764954449,1,0.820296362308,-16,1,"b"
"37",0,0,0,1,7,1,2,0,2,2,1,1,37,2,135,97,97,135,154,0.56988796953,NA,90,"[ 1.6]",1,12,22,32,42,52,62,72,77,0,0.309759573309,1,1.15023896649,105,1.1,"b"
"38",0,0,1,0,7,2,1,0,2,2,1,1,38,2,103,109,103,109,12,0.299898957153,2.08979563386,105,"[ 1.9]",1,11,21,31,41,51,61,71,76,1,0.399681698505,1,1.74014141191,128,1.3,"b"
"39",0,0,0,1,7,1,2,0,2,2,1,1,39,2,97,135,135,97,160,0.619882696556,2.27986495171,127,"[ 1.8]",1,12,22,32,42,52,62,72,77,1,0.369701747833,1,1.75016697759,137,1.3,"b"
"40",1,1,1,1,7,2,1,1,1,0,1,1,40,2,111,130,130,111,15,0.329884616458,1.96981513936,134,"[ 2.]",2,14,24,34,44,54,64,74,79,1,0.289634830606,1,1.55011505905,146,1.4,"b"
"41",0,0,0,1,7,1,2,0,2,2,1,1,41,2,159,122,122,159,60,0.539868058411,1.9399130064,121,"[ 1.7]",1,12,22,32,42,52,62,72,77,1,0.349685469209,1,1.16042767895,133,1,"b"
"42",1,1,0,0,7,1,2,1,1,0,1,1,42,2,49,150,49,150,136,0.309892374196,2.24979396333,41,"[ 1.7]",2,13,23,33,43,53,63,73,78,1,0.029706837533,1,1.3202709739,22,1.5,"b"
"43",0,0,1,1,7,2,1,0,1,1,1,1,43,2,34,144,144,34,140,0.459881963445,1.44990026413,150,"[ 1.5]",1,12,22,32,42,52,62,72,77,1,0.669598301349,1,1.43011713819,160,1.3,"b"
"44",1,1,0,1,7,1,2,2,2,0,1,1,44,2,154,154,154,154,4,0.309898383286,1.83986496373,154,"[ 1.8]",2,14,24,34,44,54,64,74,79,1,0.289673288782,1,0.990254758373,164,1,"b"
"45",0,0,0,1,7,1,2,0,2,2,1,1,45,2,68,161,161,68,156,0.409929300055,1.27996500306,161,"[ 1.8]",1,12,22,32,42,52,62,72,77,1,0.299706365822,1,1.72010860829,170,1.4,"b"
"46",1,1,0,0,7,1,2,1,1,0,1,1,46,2,166,45,166,45,145,0.389880572344,1.64992273813,161,"[ 1.9]",2,13,23,33,43,53,63,73,78,1,0.259689131748,1,1.32016311074,169,1.5,"b"
"47",1,1,0,1,7,1,2,2,2,0,1,1,47,2,55,47,47,55,132,0.289892620567,2.03986310091,62,"[ 2.]",2,14,24,34,44,54,64,74,79,1,0.349737447839,1,1.33024966867,44,1,"b"
"48",0,0,0,0,7,1,2,0,1,1,1,1,48,2,22,67,22,67,22,0.549859973184,1.46989911639,20,"[ 1.9]",1,11,21,31,41,51,61,71,76,1,0.299681127639,1,1.3601962689,8,1.1,"b"
"49",1,1,1,0,7,2,1,2,2,0,1,1,49,2,168,163,168,163,57,0.299910073969,1.72986556764,164,"[ 2.]",2,13,23,33,43,53,63,73,78,1,0.359617593534,1,1.83007435347,175,1.4,"b"
"50",0,0,1,0,7,2,1,0,2,2,1,1,50,2,121,147,121,147,33,0.549921566351,2.50981059048,120,"[ 1.8]",1,11,21,31,41,51,61,71,76,1,0.339640674447,1,1.44016583886,135,1.3,"b"
"51",0,0,0,0,7,1,2,0,1,1,1,1,51,2,117,9,117,9,153,0.549851860909,2.21983173947,111,"[ 1.8]",1,11,21,31,41,51,61,71,76,1,0.309661324685,1,1.15034202237,123,1.4,"b"
"52",1,1,1,1,7,2,1,1,1,0,1,1,52,2,124,170,170,124,42,0.279898001707,NA,4,"[ 1.7]",2,14,24,34,44,54,64,74,79,0,0.279628494023,1,1.05029698425,-13,1.3,"b"
"53",0,0,1,1,7,2,1,0,1,1,1,1,53,2,133,141,141,133,167,0.379835176671,1.92977777484,135,"[ 1.7]",1,12,22,32,42,52,62,72,77,1,0.259606807216,1,0.890198302972,143,1.4,"b"
"54",1,1,0,0,7,1,2,1,1,0,1,1,54,2,56,107,56,107,162,0.299918486693,1.84996504212,47,"[ 1.9]",2,13,23,33,43,53,63,73,78,1,0.289700329689,1,1.33023855186,63,1.5,"b"
"55",1,1,0,1,7,1,2,2,2,0,1,1,55,2,53,156,156,53,104,0.289938890561,1.5299470509,162,"[ 1.6]",2,14,24,34,44,54,64,74,79,1,0.259711966293,1,1.19031358737,171,1.4,"b"
"56",0,0,0,0,7,1,2,0,1,1,1,1,56,2,51,122,51,122,93,0.599862812476,1.93979042097,53,"[ 1.5]",1,11,21,31,41,51,61,71,76,1,0.289667279696,1,1.16027234398,35,1.1,"b"
"57",1,1,1,0,7,2,1,2,2,0,1,1,57,2,48,8,48,8,137,0.279947276245,2.17984515176,52,"[ 1.8]",2,13,23,33,43,53,63,73,78,1,0.289721962414,1,1.48018818066,32,1,"b"
"58",0,0,1,1,7,2,1,0,1,1,1,1,58,2,164,15,15,164,20,0.409883330514,1.58991025724,12,"[ 1.7]",1,12,22,32,42,52,62,72,77,1,0.259671104479,1,1.41035744771,0,1.2,"b"
"59",0,0,1,0,7,2,1,0,2,2,1,1,59,2,67,166,67,166,19,0.529957266357,1.95990344594,61,"[ 1.9]",1,11,21,31,41,51,61,71,76,1,0.249678588803,1,0.950231515213,77,1.4,"b"
"60",1,1,0,1,7,1,2,2,2,0,1,1,60,2,33,101,101,33,167,0.499919928876,2.40972799554,103,"[ 1.7]",2,14,24,34,44,54,64,74,79,1,0.179662775878,1,1.47017823862,116,1.5,"b"
"61",0,0,0,0,7,1,2,0,1,1,1,1,61,2,176,127,176,127,168,0.519930799321,2.17982802586,174,"[ 1.6]",1,11,21,31,41,51,61,71,76,1,0.29959008993,1,1.10014989675,179,1.2,"b"
"62",1,1,1,0,7,2,1,2,2,0,1,1,62,2,109,118,109,118,109,0.379945743924,1.47988081571,122,"[ 1.6]",2,13,23,33,43,53,63,73,78,1,0.309659221504,1,1.07018256517,134,1.4,"b"
"63",1,1,1,1,7,2,1,1,1,0,1,1,63,2,65,143,143,65,177,0.569879857259,1.84992718485,141,"[ 1.9]",2,14,24,34,44,54,64,74,79,1,0.28962311288,1,0.880260770467,157,1.1,"b"
"64",1,1,0,0,7,1,2,1,1,0,1,1,64,2,75,3,75,3,90,0.28997043828,1.15020892103,76,"[ 1.7]",2,13,23,33,43,53,63,73,78,1,0.279657337654,1,1.00022684315,87,1.3,"b"
"65",1,1,0,1,7,1,2,2,2,0,1,1,65,3,137,172,172,137,151,0.349975107343,1.79995799646,176,"[ 1.8]",2,14,24,34,44,54,64,74,79,1,0.269640485163,1,1.42012912934,-178,1.3,"b"
"66",1,1,1,1,7,2,1,1,1,0,1,1,66,3,11,151,151,11,8,0.319924549865,1.93991841458,139,"[ 1.8]",2,14,24,34,44,54,64,74,79,1,0.279715926281,1,1.20018862533,153,1.5,"b"
"67",1,1,1,0,7,2,1,2,2,0,1,1,67,3,83,78,83,78,156,0.319892701689,1.75991582467,80,"[ 1.8]",2,13,23,33,43,53,63,73,78,1,0.639637579767,1,1.85011857437,90,1.2,"b"
"68",0,0,0,1,7,1,2,0,2,2,1,1,68,3,55,102,102,55,132,0.419929627547,1.55987682568,104,"[ 1.8]",1,12,22,32,42,52,62,72,77,1,0.249700221524,1,1.40021440433,115,1.4,"b"
"69",1,1,1,0,7,2,1,2,2,0,1,1,69,3,94,172,94,172,11,0.359905428944,2.24974108334,97,"[ 1.9]",2,13,23,33,43,53,63,73,78,1,0.369667796473,1,1.23021274282,112,1,"b"
"70",1,1,0,0,7,1,2,1,1,0,1,1,70,3,120,146,120,146,66,0.299898356243,1.53998824021,118,"[ 1.6]",2,13,23,33,43,53,63,73,78,1,0.369667195566,1,1.43017783,130,1,"b"
"71",1,1,0,1,7,1,2,2,2,0,1,1,71,3,9,13,13,9,56,0.369851674626,1.87987859235,8,"[ 1.7]",2,14,24,34,44,54,64,74,79,1,0.319667661272,1,1.38017138525,-3,1.3,"b"
"72",1,1,1,1,7,2,1,1,1,0,1,1,72,3,116,49,49,116,162,0.299908872152,2.21983113856,59,"[ 1.7]",2,14,24,34,44,54,64,74,79,1,0.279715024921,1,1.37022453866,71,1.3,"b"
"73",0,0,1,0,7,2,1,0,2,2,1,1,73,3,142,145,142,145,151,0.49985533116,1.57987207249,151,"[ 1.8]",1,11,21,31,41,51,61,71,76,1,0.339701666711,1,1.89017336525,163,1.3,"b"
"74",0,0,1,1,7,2,1,0,1,1,1,1,74,3,94,159,159,94,139,0.589859179981,2.24979336242,145,"[ 1.8]",1,12,22,32,42,52,62,72,77,1,0.279615574476,1,1.54010571792,155,1.4,"b"
"75",1,1,0,1,7,1,2,2,2,0,1,1,75,3,91,133,133,91,18,0.319950388955,1.42998854367,150,"[ 1.9]",2,14,24,34,44,54,64,74,79,1,1.02957283483,1,1.70025547646,158,1.5,"b"
"76",0,0,0,0,7,1,2,0,1,1,1,1,76,3,102,132,102,132,73,0.469821899587,1.39990914256,72,"[ 1.5]",1,11,21,31,41,51,61,71,76,1,0.269621256073,1,1.54028298607,96,1,"b"
"77",0,0,1,0,7,2,1,0,2,2,1,1,77,3,41,2,41,2,35,0.639845794733,1.73988692695,64,"[ 1.9]",1,11,21,31,41,51,61,71,76,1,0.299609919926,1,1.28015248667,85,1.2,"b"
"78",1,1,1,1,7,2,1,1,1,0,1,1,78,3,60,67,67,60,18,0.349876858723,1.58009861518,68,"[ 1.8]",2,14,24,34,44,54,64,74,79,1,0.219632237688,1,0.90026683364,81,1.4,"b"
"79",0,0,0,1,7,1,2,0,2,2,1,1,79,3,110,131,131,110,79,0.509928669097,2.29988363397,141,"[ 1.8]",1,12,22,32,42,52,62,72,77,1,0.319630705369,1,1.29013959416,154,1.3,"b"
"80",0,0,1,1,7,2,1,0,1,1,1,1,80,3,3,159,159,3,62,0.439883411636,1.79984712875,160,"[ 1.9]",1,12,22,32,42,52,62,72,77,1,0.389618275563,1,1.34046422023,168,1.4,"b"
"81",0,0,0,1,7,1,2,0,2,2,1,1,81,3,117,18,18,117,139,0.489927413197,2.2397984431,21,"[ 1.6]",1,12,22,32,42,52,62,72,77,1,0.339619041726,1,2.03000729203,10,1.1,"b"
"82",1,1,1,1,7,2,1,1,1,0,1,1,82,3,52,108,108,52,137,0.28994429874,1.61991214109,103,"[ 1.7]",2,14,24,34,44,54,64,74,79,1,0.339643979445,1,1.34017638482,114,1.1,"b"
"83",1,1,0,0,7,1,2,1,1,0,1,1,83,3,116,170,116,170,176,0.30990078692,1.98989841934,117,"[ 1.8]",2,13,23,33,43,53,63,73,78,1,0.349741654201,1,1.53021024905,129,1,"b"
"84",0,0,1,1,7,2,1,0,1,1,1,1,84,3,9,30,30,9,69,0.54990684408,1.98987768798,24,"[ 1.6]",1,12,22,32,42,52,62,72,77,1,0.789507287674,1,2.09002698382,12,1.5,"b"
"85",0,0,1,1,7,2,1,0,1,1,1,1,85,3,88,146,146,88,2,0.659811597005,NA,152,"[ 1.6]",1,12,22,32,42,52,62,72,77,0,0.329597381959,1,0.9803328495,-165,1,"b"
"86",0,0,0,0,7,1,2,0,1,1,1,1,86,3,82,152,82,152,119,0.559841372044,1.74993021944,82,"[ 1.8]",1,11,21,31,41,51,61,71,76,1,0.269681647427,1,0.910302915221,95,1.4,"b"
"87",1,1,1,0,7,2,1,2,2,0,1,1,87,3,5,28,5,28,84,0.319880082603,1.62277727518,8,"[ 1.5]",2,13,23,33,43,53,63,73,78,1,0.359643432617,1,1.43025654908,0,1.3,"b"
"88",0,0,1,0,7,2,1,0,2,2,1,1,88,3,80,107,80,107,171,0.549835936821,NA,72,"[ 1.5]",1,11,21,31,41,51,61,71,76,0,0.279694594014,1,0.710307482128,77,1.3,"b"
"89",1,1,0,0,7,1,2,1,1,0,1,1,89,3,64,155,64,155,52,0.299927800785,1.63987283564,64,"[ 1.8]",2,13,23,33,43,53,63,73,78,1,0.289712047412,1,0.900300784997,74,1.1,"b"
"90",1,1,1,0,7,2,1,2,2,0,1,1,90,3,37,46,37,46,13,0.349934846443,1.41995156073,53,"[ 1.7]",2,13,23,33,43,53,63,73,78,1,0.319696805356,1,1.14046668395,64,1.2,"b"
"91",0,0,0,0,7,1,2,0,1,1,1,1,91,3,21,99,21,99,23,0.499856532977,1.26990999285,30,"[ 1.5]",1,11,21,31,41,51,61,71,76,1,0.359604974445,1,0.82021433823,42,1,"b"
"92",1,1,0,0,7,1,2,1,1,0,1,1,92,3,95,38,95,38,118,0.289936186469,1.33995615167,96,"[ 1.5]",2,13,23,33,43,53,63,73,78,1,0.299592193111,1,1.19012339967,103,1.4,"b"
"93",0,0,0,0,7,1,2,0,1,1,1,1,93,3,166,12,166,12,83,0.359888903946,1.83986496373,169,"[ 1.6]",1,11,21,31,41,51,61,71,76,1,0.269634476073,1,1.22019288578,175,1.2,"b"
"94",0,0,0,1,7,1,2,0,2,2,1,1,94,3,138,84,84,138,29,0.4499116814,1.83990642645,89,"[ 1.5]",1,12,22,32,42,52,62,72,77,1,0.279643817201,1,1.11019589333,97,1.1,"b"
"95",0,0,1,0,7,2,1,0,2,2,1,1,95,3,32,16,32,16,68,0.509880896832,1.55997026702,49,"[ 1.7]",1,11,21,31,41,51,61,71,76,1,0.299654988099,1,0.940195433632,70,1,"b"
"96",1,1,0,1,7,1,2,2,2,0,1,1,96,3,48,56,56,48,95,0.599851996114,1.71991661787,59,"[ 1.7]",2,14,24,34,44,54,64,74,79,1,0.269603529261,1,0.790229279832,73,1.3,"b"
"97",0,0,0,0,7,1,2,0,1,1,1,1,97,4,42,11,42,11,66,0.489873331386,1.69987660334,34,"[ 1.9]",1,11,21,31,41,51,61,71,76,1,0.27969429356,1,1.09023760242,24,1.1,"b"
"98",0,0,0,0,7,1,2,0,1,1,1,1,98,4,91,131,91,131,157,0.539899906591,2.08992332702,71,"[ 2.]",1,11,21,31,41,51,61,71,76,1,0.269733626057,1,1.39021948502,90,1.1,"b"
"99",0,0,0,1,7,1,2,0,2,2,1,1,99,4,105,8,8,105,152,0.329897235551,1.55989485294,8,"[ 1.5]",1,12,22,32,42,52,62,72,77,1,0.249726661521,1,0.990346997904,0,1.2,"b"
"100",1,1,1,1,7,2,1,1,1,0,1,1,100,4,33,158,158,33,148,0.269900378305,1.26995265739,170,"[ 1.6]",2,14,24,34,44,54,64,74,79,1,0.2396512204,1,1.39020716638,-179,1.4,"b"
"101",1,1,1,0,7,2,1,2,2,0,1,1,101,4,122,84,122,84,166,0.149970059709,1.49993705478,123,"[ 1.7]",2,13,23,33,43,53,63,73,78,1,0.24972395743,1,0.780327501412,133,1.4,"b"
"102",1,1,1,1,7,2,1,1,1,0,1,1,102,4,136,88,88,136,106,0.399859567566,1.76991795489,96,"[ 1.7]",2,14,24,34,44,54,64,74,79,1,0.249711037886,1,0.900338642263,106,1.2,"b"
"103",0,0,0,1,7,1,2,0,2,2,1,1,103,4,57,133,133,57,58,0.349950770531,1.57997152292,134,"[ 2.]",1,12,22,32,42,52,62,72,77,1,0.249660861988,1,0.880511950429,147,1.5,"b"
"104",0,0,0,0,7,1,2,0,1,1,1,1,104,4,86,134,86,134,11,0.569851914992,2.05979044501,77,"[ 2.]",1,11,21,31,41,51,61,71,76,1,0.0497210129761,1,1.24028007166,93,1.4,"b"
"105",0,0,0,1,7,1,2,0,2,2,1,1,105,4,20,2,2,20,126,0.469825805496,1.88008079823,2,"[ 1.9]",1,12,22,32,42,52,62,72,77,1,0.279682876288,1,1.01026833291,-8,1.2,"b"
"106",0,0,1,0,7,2,1,0,2,2,1,1,106,4,133,150,133,150,43,0.529886659548,2.16980546472,110,"[ 1.6]",1,11,21,31,41,51,61,71,76,1,0.279713522646,1,0.950297915657,130,1.1,"b"
"107",0,0,1,0,7,2,1,0,2,2,1,1,107,4,48,147,48,147,38,0.439906546631,1.0800083286,38,"[ 1.7]",1,11,21,31,41,51,61,71,76,1,0.309716908767,1,1.08032290446,48,1.4,"b"
"108",0,0,1,1,7,2,1,0,1,1,1,1,108,4,167,16,16,167,146,0.539898103863,2.20981308425,7,"[ 1.6]",1,12,22,32,42,52,62,72,77,1,0.319657746273,1,1.28024712983,16,1,"b"
"109",1,1,0,1,7,1,2,2,2,0,1,1,109,4,78,59,59,78,57,0.309949761002,1.21003692285,52,"[ 1.8]",2,14,24,34,44,54,64,74,79,1,0.189674520647,1,1.21025084646,62,1.4,"b"
"110",1,1,0,0,7,1,2,1,1,0,1,1,110,4,50,47,50,47,27,0.25994902489,1.46005352297,64,"[ 1.8]",2,13,23,33,43,53,63,73,78,1,0.279672360379,1,1.19022194874,75,1.4,"b"
"111",0,0,1,0,7,2,1,0,2,2,1,1,111,4,171,4,171,4,11,0.379919003477,1.85990227417,176,"[ 1.7]",1,11,21,31,41,51,61,71,76,1,0.279696997648,1,1.19020722647,-178,1.4,"b"
"112",1,1,0,0,7,1,2,1,1,0,1,1,112,4,130,177,130,177,166,0.239874758547,1.77982664376,142,"[ 1.6]",2,13,23,33,43,53,63,73,78,1,0.13968430044,1,1.68011030286,160,1.5,"b"
"113",1,1,0,1,7,1,2,2,2,0,1,1,113,4,117,97,97,117,86,0.279908217162,1.53010478952,104,"[ 1.6]",2,14,24,34,44,54,64,74,79,1,0.309703388317,1,1.39024231956,115,1.1,"b"
"114",1,1,1,1,7,2,1,1,1,0,1,1,114,4,163,142,142,163,165,0.309922119191,1.90990210892,136,"[ 1.6]",2,14,24,34,44,54,64,74,79,1,0.299671813555,1,1.02025664222,148,1.2,"b"
"115",1,1,1,0,7,2,1,2,2,0,1,1,115,4,171,30,171,30,102,0.249933975123,1.60988897906,172,"[ 1.8]",2,13,23,33,43,53,63,73,78,1,0.549650556397,1,1.52027391836,179,1.3,"b"
"116",1,1,0,0,7,1,2,1,1,0,1,1,116,4,72,12,72,12,140,0.269963473744,1.8399265569,71,"[ 1.5]",2,13,23,33,43,53,63,73,78,1,0.219692629042,1,0.980329844959,80,1.3,"b"
"117",1,1,1,0,7,2,1,2,2,0,1,1,117,4,38,27,38,27,32,0.459835993908,1.91977654598,52,"[ 1.6]",2,13,23,33,43,53,63,73,78,1,0.649650225896,1,2.11023314969,72,1.1,"b"
"118",1,1,1,0,7,2,1,2,2,0,1,1,118,4,1,171,1,171,46,0.249914746033,1.74981935173,179,"[ 1.6]",2,13,23,33,43,53,63,73,78,1,0.289695522417,1,1.38028255342,-175,1.1,"b"
"119",0,0,1,1,7,2,1,0,1,1,1,1,119,4,5,99,99,5,147,0.549834134097,2.12979934747,107,"[ 2.]",1,12,22,32,42,52,62,72,77,1,0.299667306736,1,1.26026660529,123,1.1,"b"
"120",0,0,0,0,7,1,2,0,1,1,1,1,120,4,169,152,169,152,49,0.439949511627,2.23984861901,165,"[ 1.9]",1,11,21,31,41,51,61,71,76,1,0.249716145612,1,1.79016468211,174,1.5,"b"
"121",1,1,1,1,7,2,1,1,1,0,1,1,121,4,123,96,96,123,118,0.279909719433,1.3599426853,97,"[ 1.7]",2,14,24,34,44,54,64,74,79,1,0.249687001527,1,0.960298243153,106,1.2,"b"
"122",0,0,1,0,7,2,1,0,2,2,1,1,122,4,89,175,89,175,89,0.529948252723,1.54996002453,92,"[ 2.]",1,11,21,31,41,51,61,71,76,1,0.0997136368205,1,1.1202914649,99,1.2,"b"
"123",0,0,1,1,7,2,1,0,1,1,1,1,123,4,103,87,87,103,152,0.679899083345,NA,89,"[ 1.8]",1,12,22,32,42,52,62,72,77,0,0.49959273393,1,1.80013346189,104,1.1,"b"
"124",1,1,0,1,7,1,2,2,2,0,1,1,124,4,15,52,52,15,82,0.239911714452,1.60990430224,38,"[ 1.7]",2,14,24,34,44,54,64,74,79,1,0.179661574064,1,1.21023221828,50,1.1,"b"
"125",0,0,0,1,7,1,2,0,2,2,1,1,125,4,169,142,142,169,5,0.41983107847,2.04006320361,128,"[ 1.7]",1,12,22,32,42,52,62,72,77,1,0.0497399416126,1,1.44020820295,150,1.4,"b"
"126",1,1,0,0,7,1,2,1,1,0,1,1,126,4,31,113,31,113,18,0.2599297958,1.76990713853,34,"[ 1.6]",2,13,23,33,43,53,63,73,78,1,0.289705136958,1,1.44033619656,53,1.3,"b"
"127",1,1,0,1,7,1,2,2,2,0,1,1,127,4,156,62,62,156,16,0.279906113981,1.2199906799,39,"[ 1.7]",2,14,24,34,44,54,64,74,79,1,0.309766483762,1,1.26028192847,17,1.3,"b"
"128",0,0,1,1,7,2,1,0,1,1,1,1,128,4,108,44,44,108,78,0.559888843854,1.96990527571,38,"[ 1.7]",1,12,22,32,42,52,62,72,77,1,0.24966506835,1,0.830199943455,56,1.3,"b"
"129",1,1,0,1,7,1,2,2,2,0,1,1,129,5,79,150,150,79,57,0.239901198544,1.92985979892,172,"[ 1.6]",2,14,24,34,44,54,64,74,79,1,0.259707759928,1,0.880330475913,-176,1.3,"b"
"130",0,0,1,1,7,2,1,0,1,1,1,1,130,5,20,78,78,20,120,0.359920752122,1.36995533143,79,"[ 1.9]",1,12,22,32,42,52,62,72,77,1,0.289718957865,1,0.960380567682,91,1,"b"
"131",1,1,0,0,7,1,2,1,1,0,1,1,131,5,179,136,179,136,55,0.0799734758766,1.41000110867,177,"[ 2.]",2,13,23,33,43,53,63,73,78,1,0.30971570695,1,1.11025958968,-175,1.2,"b"
"132",0,0,0,0,7,1,2,0,1,1,1,1,132,5,125,120,125,120,163,0.399917855739,1.59985620248,111,"[ 1.8]",1,11,21,31,41,51,61,71,76,1,0.279713522646,1,0.910523148366,125,1,"b"
"133",0,0,0,0,7,1,2,0,1,1,1,1,133,5,107,102,107,102,153,0.29993170669,1.86989659257,108,"[ 1.9]",1,11,21,31,41,51,61,71,76,1,0.629692235445,1,1.52029404881,116,1.4,"b"
"134",1,1,0,1,7,1,2,2,2,0,1,1,134,5,169,65,65,169,75,0.249934876487,1.48992921592,65,"[ 1.8]",2,14,24,34,44,54,64,74,79,1,0.30971720922,1,1.34020462754,73,1.1,"b"
"135",0,0,0,0,7,1,2,0,1,1,1,1,135,5,134,19,134,19,146,0.549869888178,1.70984207811,153,"[ 1.8]",1,11,21,31,41,51,61,71,76,1,0.229716391987,1,1.2703309296,165,1.1,"b"
"136",0,0,1,1,7,2,1,0,1,1,1,1,136,5,112,136,136,112,35,0.449907475038,2.11983477406,144,"[ 1.5]",1,12,22,32,42,52,62,72,77,1,0.30963007742,1,0.820270523222,150,1.1,"b"
"137",1,1,1,0,7,2,1,2,2,0,1,1,137,5,132,126,132,126,84,0.229942333772,1.32009310484,128,"[ 1.8]",2,13,23,33,43,53,63,73,78,1,0.179691018606,1,1.12035185625,137,1.5,"b"
"138",1,1,0,0,7,1,2,1,1,0,1,1,138,5,67,24,67,24,155,0.269937634657,1.84992207713,65,"[ 2.]",2,13,23,33,43,53,63,73,78,1,0.0396951468501,1,1.43019615773,73,1.4,"b"
"139",0,0,1,0,7,2,1,0,2,2,1,1,139,5,93,114,93,114,27,0.419853011652,1.96979380709,87,"[ 1.9]",1,11,21,31,41,51,61,71,76,1,0.279669055381,1,0.810303546175,95,1.1,"b"
"140",0,0,1,1,7,2,1,0,1,1,1,1,140,5,25,102,102,25,64,0.369913267798,1.62997616494,98,"[ 1.6]",1,12,22,32,42,52,62,72,77,1,0.249702024252,1,0.75036617892,116,1.2,"b"
"141",0,0,0,0,7,1,2,0,1,1,1,1,141,5,161,29,161,29,65,0.379833373943,1.93981235415,168,"[ 1.8]",1,11,21,31,41,51,61,71,76,1,0.329691424216,1,1.56021002971,179,1.3,"b"
"142",0,0,0,1,7,1,2,0,2,2,1,1,142,5,86,108,108,86,174,0.489911489112,2.19977339722,119,"[ 1.7]",1,12,22,32,42,52,62,72,77,1,0.289637835154,1,0.850244164347,129,1.4,"b"
"143",0,0,0,1,7,1,2,0,2,2,1,1,143,5,53,86,86,53,170,0.369885625987,1.75991912967,98,"[ 1.7]",1,12,22,32,42,52,62,72,77,1,0.289704836505,1,1.20021596669,108,1.3,"b"
"144",0,0,1,0,7,2,1,0,2,2,1,1,144,5,17,120,17,120,175,0.499855932067,1.75988157285,21,"[ 1.8]",1,11,21,31,41,51,61,71,76,1,0.259728190835,1,1.50024351837,7,1.4,"b"
"145",1,1,1,0,7,2,1,2,2,0,1,1,145,5,159,150,159,150,144,0.2799310517,1.42994257413,171,"[ 2.]",2,13,23,33,43,53,63,73,78,1,0.289670284241,1,1.05023719381,177,1.5,"b"
"146",1,1,1,0,7,2,1,2,2,0,1,1,146,5,156,113,156,113,110,0.299975573049,1.64993054994,157,"[ 1.8]",2,13,23,33,43,53,63,73,78,1,0.299562748569,1,0.71021944896,164,1.2,"b"
"147",0,0,0,1,7,1,2,0,2,2,1,1,147,5,90,131,131,90,179,0.459916816166,2.35980718032,147,"[ 1.9]",1,12,22,32,42,52,62,72,77,1,0.28970784105,1,0.970346643368,154,1.3,"b"
"148",1,1,1,1,7,2,1,1,1,0,1,1,148,5,117,11,11,117,136,0.339826054875,1.8998801487,11,"[ 1.6]",2,14,24,34,44,54,64,74,79,1,0.249662364258,1,1.52017627064,1,1.2,"b"
"149",1,1,1,1,7,2,1,1,1,0,1,1,149,5,73,80,80,73,41,0.269894669669,1.62993169768,86,"[ 1.6]",2,14,24,34,44,54,64,74,79,1,0.289676293331,1,0.940378410422,94,1.3,"b"
"150",1,1,0,1,7,1,2,2,2,0,1,1,150,5,86,142,142,86,14,0.239911413995,1.74987733945,152,"[ 1.8]",2,14,24,34,44,54,64,74,79,1,0.0697372916002,1,0.930337822025,175,1.2,"b"
"151",0,0,1,0,7,2,1,0,2,2,1,1,151,5,56,5,56,5,122,0.509806684571,1.8998167528,76,"[ 2.]",1,11,21,31,41,51,61,71,76,1,0.179688014057,1,1.12022266082,91,1,"b"
"152",1,1,1,1,7,2,1,1,1,0,1,1,152,5,63,88,88,63,25,0.0699836642889,1.34997901325,93,"[ 1.6]",2,14,24,34,44,54,64,74,79,1,0.259680719024,1,0.560412235591,101,1.1,"b"
"153",1,1,1,0,7,2,1,2,2,0,1,1,153,5,68,66,68,66,1,0.14994001426,1.81990366828,78,"[ 1.7]",2,13,23,33,43,53,63,73,78,1,0.239654525401,1,0.480357336543,87,1.3,"b"
"154",1,1,0,0,7,1,2,1,1,0,1,1,154,5,44,15,44,15,106,0.24988740468,1.91982552006,52,"[ 1.9]",2,13,23,33,43,53,63,73,78,1,0.159738135877,1,0.820394310475,62,1.2,"b"
"155",0,0,1,1,7,2,1,0,1,1,1,1,155,5,44,33,33,44,13,0.369880518258,1.84988241713,39,"[ 1.7]",1,12,22,32,42,52,62,72,77,1,0.219685718588,1,0.720338455983,45,1.3,"b"
"156",1,1,0,0,7,1,2,1,1,0,1,1,156,5,77,78,77,78,61,0.339885244412,1.76986327217,85,"[ 1.7]",2,13,23,33,43,53,63,73,78,1,0.64964511817,1,1.96014681409,99,1,"b"
"157",1,1,0,1,7,1,2,2,2,0,1,1,157,5,6,171,171,6,147,0.339891553951,1.69990424515,173,"[ 1.9]",2,14,24,34,44,54,64,74,79,1,0.019748273211,1,1.39037151499,-180,1.4,"b"
"158",0,0,1,0,7,2,1,0,2,2,1,1,158,5,145,100,145,100,37,0.329892428275,1.92985949846,142,"[ 1.5]",1,11,21,31,41,51,61,71,76,1,0.399671783507,1,1.66017995421,158,1,"b"
"159",1,1,1,1,7,2,1,1,1,0,1,1,159,5,162,168,168,162,122,0.309945554643,1.66993060402,171,"[ 2.]",2,14,24,34,44,54,64,74,79,1,0.22971669244,1,1.0802856481,178,1.3,"b"
"160",0,0,0,1,7,1,2,0,2,2,1,1,160,5,7,60,60,7,44,0.559937817936,NA,124,"[ 1.5]",1,12,22,32,42,52,62,72,77,0,0.289708742417,1,0.540346682428,137,1.1,"b"
"161",0,0,1,1,7,2,1,0,1,1,1,1,161,6,35,12,12,35,142,0.519862596149,1.65993268017,3,"[ 1.6]",1,12,22,32,42,52,62,72,77,1,0.189694350644,1,0.750199426671,-9,1.1,"b"
"162",0,0,0,1,7,1,2,0,2,2,1,1,162,6,127,117,117,127,71,0.339897262591,1.8299223235,135,"[ 1.6]",1,12,22,32,42,52,62,72,77,1,0.299661598099,1,1.27026182506,149,1.5,"b"
"163",0,0,0,1,7,1,2,0,2,2,1,1,163,6,15,25,25,15,60,0.40991517869,1.76993327807,25,"[ 1.7]",1,12,22,32,42,52,62,72,77,1,0.809323463604,1,2.2701909178,11,1.4,"b"
"164",0,0,0,0,7,1,2,0,1,1,1,1,164,6,123,30,123,30,108,0.519897148417,1.50993047182,126,"[ 1.7]",1,11,21,31,41,51,61,71,76,1,0.229653296541,1,1.36021159207,139,1.3,"b"
"165",1,1,0,1,7,1,2,2,2,0,1,1,165,6,165,125,125,165,123,0.309909199645,0.960023026833,130,"[ 1.8]",2,14,24,34,44,54,64,74,79,1,0.519667901634,1,1.37017796821,138,1.2,"b"
"166",1,1,0,0,7,1,2,1,1,0,1,1,166,6,27,7,27,7,66,0.319915836688,1.85988875372,22,"[ 1.6]",2,13,23,33,43,53,63,73,78,1,0.209657448821,1,1.41012008866,13,1.4,"b"
"167",0,0,1,1,7,2,1,0,1,1,1,1,167,6,3,95,95,3,80,0.529893269548,2.05985414136,124,"[ 1.7]",1,12,22,32,42,52,62,72,77,1,0.489647089151,1,1.83013264164,135,1.5,"b"
"168",1,1,0,1,7,1,2,2,2,0,1,1,168,6,110,3,3,110,10,0.38987907007,1.07995785224,167,"[ 1.6]",2,14,24,34,44,54,64,74,79,1,0.319642122638,1,1.5201534361,-176,1.4,"b"
"169",0,0,0,1,7,1,2,0,2,2,1,1,169,6,47,167,167,47,105,0.509921157736,1.92988022983,179,"[ 1.8]",1,12,22,32,42,52,62,72,77,1,0.289712347869,1,0.820289752308,-178,1,"b"
"170",0,0,0,1,7,1,2,0,2,2,1,1,170,6,145,128,128,145,132,0.379929218929,1.99985908684,127,"[ 1.7]",1,12,22,32,42,52,62,72,77,1,0.259659987663,1,0.580293309689,136,1.1,"b"
"171",1,1,0,0,7,1,2,1,1,0,1,1,171,6,94,44,94,44,44,0.839835819646,1.90983210302,90,"[ 1.5]",2,13,23,33,43,53,63,73,78,1,0.269637180161,1,1.2901353878,94,1.3,"b"
"172",1,1,0,0,7,1,2,1,1,0,1,1,172,6,37,136,37,136,4,0.259908163076,1.66986991221,31,"[ 1.7]",2,13,23,33,43,53,63,73,78,1,0.289716554234,1,1.48023475111,40,1.2,"b"
"173",0,0,0,0,7,1,2,0,1,1,1,1,173,6,70,63,70,63,144,0.639843090645,2.42988218278,62,"[ 1.7]",1,11,21,31,41,51,61,71,76,1,0.199666435419,1,1.27019362189,75,1.4,"b"
"174",0,0,1,0,7,2,1,0,2,2,1,1,174,6,61,56,61,56,98,0.339929411221,2.01981497411,63,"[ 1.8]",1,11,21,31,41,51,61,71,76,1,0.259701149931,1,1.29026909006,76,1.5,"b"
"175",1,1,1,0,7,2,1,2,2,0,1,1,175,6,71,27,71,27,94,0.339865414411,1.50986917911,61,"[ 2.]",2,13,23,33,43,53,63,73,78,1,0.299622238559,1,1.2601437194,66,1.3,"b"
"176",0,0,1,0,7,2,1,0,2,2,1,1,176,6,143,152,143,152,25,0.289912150107,1.94990101526,129,"[ 1.8]",1,11,21,31,41,51,61,71,76,1,0.349608552857,1,1.28010711804,141,1.1,"b"
"177",1,1,1,1,7,2,1,1,1,0,1,1,177,6,61,9,9,61,69,0.299858996706,1.74972200448,21,"[ 1.8]",2,14,24,34,44,54,64,74,79,1,0.279622785387,1,0.660273996476,29,1.1,"b"
"178",1,1,0,1,7,1,2,2,2,0,1,1,178,6,8,47,47,8,151,0.209966616501,1.23002736239,49,"[ 1.9]",2,14,24,34,44,54,64,74,79,1,0.529640587316,1,1.34023226935,65,1.4,"b"
"179",1,1,0,0,7,1,2,1,1,0,1,1,179,6,19,142,19,142,111,0.259920181259,1.30988155783,16,"[ 1.9]",2,13,23,33,43,53,63,73,78,1,0.289626417885,1,0.990255960194,0,1.3,"b"
"180",1,1,1,1,7,2,1,1,1,0,1,1,180,6,30,110,110,30,24,0.419864128467,1.7898465008,105,"[ 1.5]",2,14,24,34,44,54,64,74,79,1,0.0496861602551,1,0.670269216243,113,1.4,"b"
"181",0,0,0,0,7,1,2,0,1,1,1,1,181,6,156,118,156,118,42,0.53989119341,1.82993344032,165,"[ 1.6]",1,11,21,31,41,51,61,71,76,1,0.309633983328,1,1.38017408935,173,1,"b"
"182",0,0,1,1,7,2,1,0,1,1,1,1,182,6,11,58,58,11,67,0.679878351984,1.67992402107,77,"[ 1.9]",1,12,22,32,42,52,62,72,77,1,0.549632529128,1,1.42021265568,90,1.3,"b"
"183",1,1,1,1,7,2,1,1,1,0,1,1,183,6,90,173,173,90,44,4.57928408303,NA,84,"[ 1.6]",2,14,24,34,44,54,64,74,79,0,0.869628887616,1,1.74017175782,102,1.4,"b"
"184",1,1,1,0,7,2,1,2,2,0,1,1,184,6,62,32,62,32,151,0.639854808371,2.43982932983,56,"[ 2.]",2,13,23,33,43,53,63,73,78,1,0.329623221049,1,0.910217586144,68,1.4,"b"
"185",0,0,1,0,7,2,1,0,2,2,1,1,185,6,82,161,82,161,36,0.529895372729,1.89988856142,79,"[ 1.8]",1,11,21,31,41,51,61,71,76,1,0.309700984679,1,0.830329739798,88,1.1,"b"
"186",1,1,0,1,7,1,2,2,2,0,1,1,186,6,44,98,98,44,129,0.289874292845,1.7698386349,98,"[ 1.9]",2,14,24,34,44,54,64,74,79,1,0.279709015827,1,1.26026149757,104,1.4,"b"
"187",0,0,0,0,7,1,2,0,1,1,1,1,187,6,55,13,55,13,150,0.439872595274,1.64994707494,51,"[ 1.8]",1,11,21,31,41,51,61,71,76,1,0.279695495374,1,1.13019144059,63,1.1,"b"
"188",0,0,1,0,7,2,1,0,2,2,1,1,188,6,153,177,153,177,47,0.529874040461,1.9397624787,163,"[ 1.7]",1,11,21,31,41,51,61,71,76,1,0.289646247878,1,1.78027131642,-174,1.1,"b"
"189",1,1,1,0,7,2,1,2,2,0,1,1,189,6,158,17,158,17,58,0.269906387392,1.74985510582,163,"[ 1.7]",2,13,23,33,43,53,63,73,78,1,0.279704208555,1,0.910294802947,173,1.1,"b"
"190",1,1,1,0,7,2,1,2,2,0,1,1,190,6,156,1,156,1,90,0.309881557831,1.84971205943,155,"[ 1.8]",2,13,23,33,43,53,63,73,78,1,0.589649462741,1,1.08025019447,165,1.4,"b"
"191",0,0,1,1,7,2,1,0,1,1,1,1,191,6,105,172,172,105,150,0.469901520031,1.72988389537,3,"[ 1.9]",1,12,22,32,42,52,62,72,77,1,0.459666838025,1,0.770221413932,-1,1.3,"b"
"192",1,1,1,1,7,2,1,1,1,0,1,1,192,6,80,139,139,80,172,0.319899311689,1.72990733082,142,"[ 2.]",2,14,24,34,44,54,64,74,79,1,0.299740918086,1,1.49025701178,150,1.3,"b"
"193",1,1,0,1,7,1,2,2,2,0,1,1,193,7,158,168,168,158,122,0.269933127842,1.60989438724,173,"[ 2.]",2,14,24,34,44,54,64,74,79,1,0.369646163752,1,1.21020607873,179,1.1,"b"
"194",0,0,1,1,7,2,1,0,1,1,1,1,194,7,1,151,151,1,172,0.919832430518,2.44976926597,152,"[ 1.6]",1,12,22,32,42,52,62,72,77,1,0.479690027103,1,1.90015867002,167,1,"b"
"195",0,0,1,1,7,2,1,0,1,1,1,1,195,7,50,51,51,50,15,0.429943475498,2.00986812752,51,"[ 2.]",1,12,22,32,42,52,62,72,77,1,0.549658668668,1,1.10030853672,62,1.4,"b"
"196",1,1,0,1,7,1,2,2,2,0,1,1,196,7,140,4,4,140,9,0.289909446019,1.70987362583,4,"[ 1.7]",2,14,24,34,44,54,64,74,79,1,0.279712621283,1,0.960392285408,-3,1.2,"b"
"197",0,0,0,1,7,1,2,0,2,2,1,1,197,7,20,101,101,20,64,0.479909058431,1.97985843185,100,"[ 1.6]",1,12,22,32,42,52,62,72,77,1,0.309671239684,1,1.15023385876,117,1.3,"b"
"198",1,1,1,0,7,2,1,2,2,0,1,1,198,7,171,96,171,96,148,0.279981227603,1.88991587574,177,"[ 1.8]",2,13,23,33,43,53,63,73,78,1,0.229688449719,1,1.42016578478,-178,1.5,"b"
"199",1,1,1,0,7,2,1,2,2,0,1,1,199,7,123,50,123,50,95,0.269957464658,1.59988144066,139,"[ 2.]",2,13,23,33,43,53,63,73,78,1,0.11968214318,1,1.03020048427,150,1.4,"b"
"200",0,0,1,1,7,2,1,0,1,1,1,1,200,7,40,91,91,40,127,0.499946669326,2.32982182147,100,"[ 1.8]",1,12,22,32,42,52,62,72,77,1,0.279652229929,1,0.770260473018,107,1.2,"b"
"201",1,1,0,1,7,1,2,2,2,0,1,1,201,7,95,160,160,95,38,0.309810350114,1.54986478045,171,"[ 1.8]",2,14,24,34,44,54,64,74,79,1,0.319769515343,1,1.12022716763,179,1.4,"b"
"202",1,1,0,0,7,1,2,1,1,0,1,1,202,7,23,75,23,75,176,0.299922993512,1.64995488676,18,"[ 1.6]",2,13,23,33,43,53,63,73,78,1,0.259635650851,1,1.24018843304,9,1.3,"b"
"203",0,0,0,1,7,1,2,0,2,2,1,1,203,7,163,151,151,163,60,0.389844217345,2.22966471381,150,"[ 1.9]",1,12,22,32,42,52,62,72,77,1,0.309730128767,1,1.71027893895,164,1.4,"b"
"204",1,1,0,0,7,1,2,1,1,0,1,1,204,7,167,57,167,57,79,0.279980626696,1.63995606154,168,"[ 1.8]",2,13,23,33,43,53,63,73,78,1,0.399678693961,1,1.20017720806,174,1.5,"b"
"205",1,1,1,1,7,2,1,1,1,0,1,1,205,7,28,114,114,28,71,0.289909446019,1.64986775495,127,"[ 1.7]",2,14,24,34,44,54,64,74,79,1,0.259682521752,1,1.24022178349,139,1.5,"b"
"206",0,0,1,0,7,2,1,0,2,2,1,1,206,7,131,34,131,34,176,0.449903268673,2.18979470244,115,"[ 1.7]",1,11,21,31,41,51,61,71,76,1,0.279708114464,1,0.840434625457,124,1.2,"b"
"207",1,1,0,0,7,1,2,1,1,0,1,1,207,7,69,77,69,77,3,0.269865826038,1.63985240473,73,"[ 1.6]",2,13,23,33,43,53,63,73,78,1,0.539640614359,1,1.48012839022,79,1.2,"b"
"208",1,1,1,1,7,2,1,1,1,0,1,1,208,7,100,177,177,100,82,0.299906468514,1.74985901172,176,"[ 2.]",2,14,24,34,44,54,64,74,79,1,0.289696123327,1,1.56018208744,-178,1.2,"b"
"209",0,0,1,1,7,2,1,0,1,1,1,1,209,7,144,45,45,144,107,0.469866967764,1.85974723965,64,"[ 1.6]",1,12,22,32,42,52,62,72,77,1,0.289824717849,1,1.22024516486,50,1,"b"
"210",0,0,0,1,7,1,2,0,2,2,1,1,210,7,163,159,159,163,89,0.299894450334,1.9997728564,170,"[ 1.7]",1,12,22,32,42,52,62,72,77,1,0.219625928141,1,1.51012546679,-180,1.1,"b"
"211",0,0,1,0,7,2,1,0,2,2,1,1,211,7,75,53,75,53,99,0.41993593709,1.78986693171,71,"[ 1.8]",1,11,21,31,41,51,61,71,76,1,0.109692331593,1,0.940222774992,81,1.4,"b"
"212",0,0,0,0,7,1,2,0,1,1,1,1,212,7,26,166,26,166,10,0.479869097984,2.07981393454,52,"[ 1.7]",1,11,21,31,41,51,61,71,76,1,0.569650009569,1,1.7201521742,64,1.3,"b"
"213",0,0,0,0,7,1,2,0,1,1,1,1,213,7,12,77,12,77,28,0.479901246617,1.82990339486,9,"[ 2.]",1,11,21,31,41,51,61,71,76,1,0.289691916965,1,0.870235204795,17,1.2,"b"
"214",0,0,0,0,7,1,2,0,1,1,1,1,214,7,151,6,151,6,108,0.519855385242,2.40978418053,32,"[ 1.8]",1,11,21,31,41,51,61,71,76,1,0.0996841922788,1,1.0702450597,44,1.4,"b"
"215",1,1,1,0,7,2,1,2,2,0,1,1,215,7,54,12,54,12,172,0.30989327556,1.3599928612,43,"[ 1.8]",2,13,23,33,43,53,63,73,78,1,0.279637207201,1,1.21021839737,52,1.4,"b"
"216",0,0,1,0,7,2,1,0,2,2,1,1,216,7,42,21,42,21,95,0.459895784355,1.89990238233,50,"[ 1.8]",1,11,21,31,41,51,61,71,76,1,0.0897397493209,1,1.34024398708,60,1.3,"b"
"217",0,0,1,0,7,2,1,0,2,2,1,1,217,7,148,124,148,124,110,0.449862106409,1.86983800395,169,"[ 1.5]",1,11,21,31,41,51,61,71,76,1,0.309596126059,1,1.39013415594,177,1.3,"b"
"218",0,0,0,0,7,1,2,0,1,1,1,1,218,7,62,144,62,144,41,0.569849811811,2.42002336935,68,"[ 1.9]",1,11,21,31,41,51,61,71,76,1,0.579582734801,1,1.54019915927,75,1.2,"b"
"219",1,1,1,1,7,2,1,1,1,0,1,1,219,7,63,47,47,63,57,0.319889997598,1.65984164245,32,"[ 1.6]",2,14,24,34,44,54,64,74,79,1,0.279621884023,1,1.0901426588,39,1.3,"b"
"220",0,0,0,1,7,1,2,0,2,2,1,1,220,7,131,138,138,131,107,0.48985620548,1.72988179219,140,"[ 1.9]",1,12,22,32,42,52,62,72,77,1,0.459579105314,1,1.27021645644,154,1.3,"b"
"221",1,1,0,1,7,1,2,2,2,0,1,1,221,7,84,96,96,84,116,0.25988893399,1.05998844452,109,"[ 1.8]",2,14,24,34,44,54,64,74,79,1,0.23964430995,1,1.03023683927,127,1,"b"
"222",1,1,1,0,7,2,1,2,2,0,1,1,222,7,47,70,47,70,158,0.229883745138,1.68984532903,55,"[ 1.6]",2,13,23,33,43,53,63,73,78,1,0.259688230388,1,0.970276637472,63,1.4,"b"
"223",1,1,1,1,7,2,1,1,1,0,1,1,223,7,73,84,84,73,146,0.289880001477,2.15984870313,85,"[ 1.7]",2,14,24,34,44,54,64,74,79,1,0.279654633563,1,1.17018884467,96,1.3,"b"
"224",1,1,0,0,7,1,2,1,1,0,1,1,224,7,90,135,90,135,73,0.259895243536,1.43990384254,96,"[ 1.9]",2,13,23,33,43,53,63,73,78,1,0.299648378103,1,1.22019679169,100,1.2,"b"
"225",0,0,1,1,7,2,1,0,1,1,1,1,225,8,19,165,165,19,124,0.52985120592,1.81995564691,178,"[ 1.8]",1,12,22,32,42,52,62,72,77,1,0.489687049601,1,1.34020522845,-176,1.1,"b"
"226",1,1,0,1,7,1,2,2,2,0,1,1,226,8,173,172,172,173,105,0.289860471934,1.63987553973,0,"[ 2.]",2,14,24,34,44,54,64,74,79,1,0.309655315596,1,1.00025208133,-6,1.1,"b"
"227",0,0,1,0,7,2,1,0,2,2,1,1,227,8,56,128,56,128,35,0.329918868272,1.31995159077,41,"[ 1.6]",1,11,21,31,41,51,61,71,76,1,0.269718302876,1,0.740522989123,29,1.2,"b"
"228",0,0,1,0,7,2,1,0,2,2,1,1,228,8,24,128,24,128,12,0.459875353448,1.61989471473,30,"[ 1.6]",1,11,21,31,41,51,61,71,76,1,0.839662457398,1,1.75013542987,52,1,"b"
"229",1,1,0,0,7,1,2,1,1,0,1,1,229,8,179,155,179,155,47,0.279922338519,1.75988517831,176,"[ 2.]",2,13,23,33,43,53,63,73,78,1,0.119680039996,1,1.01028185336,170,1.3,"b"
"230",0,0,1,1,7,2,1,0,1,1,1,1,230,8,27,167,167,27,76,0.509871582744,2.24982611196,0,"[ 1.8]",1,12,22,32,42,52,62,72,77,1,0.359714339884,1,0.930238972494,-6,1,"b"
"231",1,1,1,1,7,2,1,1,1,0,1,1,231,8,125,85,85,125,38,0.160015154925,1.28997674783,84,"[ 1.6]",2,14,24,34,44,54,64,74,79,1,0.519645367549,1,0.880310345459,92,1,"b"
"232",0,0,0,1,7,1,2,0,2,2,1,1,232,8,3,58,58,3,150,0.429910725954,1.54991886226,60,"[ 1.6]",1,12,22,32,42,52,62,72,77,1,0.669636158618,1,1.01044710333,67,1.5,"b"
"233",0,0,0,0,7,1,2,0,1,1,1,1,233,8,17,10,17,10,79,0.339927007586,1.89991740506,6,"[ 1.7]",1,11,21,31,41,51,61,71,76,1,0.0896697434182,1,0.970219250659,-5,1.5,"b"
"234",0,0,1,0,7,2,1,0,2,2,1,1,234,8,4,46,4,46,174,0.379944842563,1.6599212629,3,"[ 1.9]",1,11,21,31,41,51,61,71,76,1,0.30962406833,1,0.850319878882,-1,1.1,"b"
"235",1,1,0,1,7,1,2,2,2,0,1,1,235,8,41,13,13,41,8,0.290000483732,1.2099732265,20,"[ 1.9]",2,14,24,34,44,54,64,74,79,1,0.299659795375,1,0.950239927941,13,1.1,"b"
"236",0,0,0,1,7,1,2,0,2,2,1,1,236,8,121,59,59,121,160,0.739864693322,2.21982663175,60,"[ 1.9]",1,12,22,32,42,52,62,72,77,1,0.239698391757,1,1.7702658812,72,1.1,"b"
"237",1,1,0,0,7,1,2,1,1,0,1,1,237,8,80,28,80,28,55,0.0899470629229,1.5899673436,74,"[ 1.9]",2,13,23,33,43,53,63,73,78,1,0.229714889716,1,0.490301479047,85,1.1,"b"
"238",0,0,0,0,7,1,2,0,1,1,1,1,238,8,5,94,5,94,42,0.55986120204,2.09981819498,2,"[ 1.7]",1,11,21,31,41,51,61,71,76,1,0.139699924075,1,0.750327119833,-4,1.1,"b"
"239",0,0,1,1,7,2,1,0,1,1,1,1,239,8,71,114,114,71,40,0.679892172888,2.14987181109,124,"[ 1.5]",1,12,22,32,42,52,62,72,77,1,0.289684105144,1,1.38016988298,140,1.2,"b"
"240",1,1,0,1,7,1,2,2,2,0,1,1,240,8,165,101,101,165,179,0.2798907908,2.0198573382,118,"[ 1.9]",2,14,24,34,44,54,64,74,79,1,0.489665416877,1,0.770569640696,129,1.4,"b"
"241",1,1,0,0,7,1,2,1,1,0,1,1,241,8,0,104,0,104,61,0.419880953919,2.06984335204,176,"[ 1.7]",2,13,23,33,43,53,63,73,78,1,0.509635425507,1,2.12009256402,-171,1.2,"b"
"242",1,1,1,0,7,2,1,2,2,0,1,1,242,8,121,78,121,78,156,0.259840260362,1.56982817909,132,"[ 2.]",2,13,23,33,43,53,63,73,78,1,0.0397074654829,1,0.900232581826,146,1.4,"b"
"243",1,1,1,1,7,2,1,1,1,0,1,1,243,8,141,141,141,141,170,0.279855337169,1.88983264985,136,"[ 1.9]",2,14,24,34,44,54,64,74,79,1,0.579655144338,1,1.45015655182,148,1.5,"b"
"244",1,1,1,0,7,2,1,2,2,0,1,1,244,8,43,49,43,49,33,0.279908818069,1.05991843862,39,"[ 2.]",2,13,23,33,43,53,63,73,78,1,0.239725432661,1,0.560375279685,51,1.2,"b"
"245",1,1,0,0,7,1,2,1,1,0,1,1,245,8,31,23,31,23,17,0.279925042611,1.0101409402,19,"[ 1.9]",2,13,23,33,43,53,63,73,78,1,0.269717401512,1,0.600318301495,27,1,"b"
"246",1,1,0,1,7,1,2,2,2,0,1,1,246,8,16,73,73,16,38,0.249910239218,1.45993364162,69,"[ 2.]",2,14,24,34,44,54,64,74,79,1,0.0596939991119,1,0.890246375693,83,1.4,"b"
"247",0,0,1,0,7,2,1,0,2,2,1,1,247,8,136,171,136,171,173,0.509903130463,1.88989604575,131,"[ 1.6]",1,11,21,31,41,51,61,71,76,1,0.319652638547,1,1.26015603804,151,1,"b"
"248",1,1,1,1,7,2,1,1,1,0,1,1,248,8,14,49,49,14,85,0.209947387411,1.6999607306,54,"[ 1.9]",2,14,24,34,44,54,64,74,79,1,0.22970347244,1,0.720287679171,64,1.5,"b"
"249",0,0,0,0,7,1,2,0,1,1,1,1,249,8,139,81,139,81,20,0.709886845831,2.45976508665,137,"[ 1.6]",1,11,21,31,41,51,61,71,76,1,0.309745451945,1,1.1202484999,148,1.1,"b"
"250",0,0,1,1,7,2,1,0,1,1,1,1,250,8,107,6,6,107,107,0.419887263462,1.9398258746,2,"[ 1.7]",1,12,22,32,42,52,62,72,77,1,0.319731357624,1,1.34021814799,-4,1.3,"b"
"251",1,1,1,1,7,2,1,1,1,0,1,1,251,8,15,34,34,15,111,0.269887759212,1.96981934573,27,"[ 1.7]",2,14,24,34,44,54,64,74,79,1,0.299714778546,1,1.81007970757,38,1.2,"b"
"252",1,1,1,0,7,2,1,2,2,0,1,1,252,8,120,39,120,39,173,0.249839031505,1.97977190095,127,"[ 1.8]",2,13,23,33,43,53,63,73,78,1,0.309733433765,1,1.18030394578,139,1.1,"b"
"253",0,0,0,0,7,1,2,0,1,1,1,1,253,8,116,65,116,65,59,0.349921025536,1.74991159127,110,"[ 1.6]",1,11,21,31,41,51,61,71,76,1,0.239715217209,1,0.790338945721,120,1.1,"b"
"254",0,0,0,1,7,1,2,0,2,2,1,1,254,8,66,69,69,66,159,0.749825961731,NA,83,"[ 1.9]",1,12,22,32,42,52,62,72,77,0,0.509648044597,1,0.910318839309,90,1,"b"
"255",1,1,1,0,7,2,1,2,2,0,1,1,255,8,157,56,157,56,105,0.239935750807,1.34996699507,149,"[ 1.5]",2,13,23,33,43,53,63,73,78,1,0.249654852898,1,0.530308197212,161,1.2,"b"
"256",0,0,0,1,7,1,2,0,2,2,1,1,256,8,68,115,115,68,175,0.339924003038,2.07991278407,126,"[ 1.6]",1,12,22,32,42,52,62,72,77,1,0.299697652637,1,0.840202073676,140,1,"b"
